bigram,count
dez 2004,120
2004 benutzer,108
mathias schindler,65
benutzer elian,53
elian elian,53
alter inhalt,50
gelöscht alter,41
4 dez,33
schindler mathias,32
benutzer mathias,32
5 dez,31
portallink hintergrundfarbe,21
portalname portal,20
datei wikinews,19
wikinews waves,18
3 dez,18
png 21px,18
wikinews diskussion,16
03 12,16
12 2004,15
6 dez,14
kategorie wikinews,13
per heute,13
blaite blaite,13
inhalt redirect,13
benutzer blaite,13
inhalt löschen,12
01 2006,11
diskussion kategorien,11
wikipedia de,11
akl akl,11
8 dez,11
benutzer akl,11
existieren wikinews,11
heute existieren,11
kategorie themenportal,10
dezember 2004,10
vorlage hauptseite,10
· wikinews,10
waves left,9
left png,9
bereinigung kategorie,9
right png,9
waves right,9
1 month,9
mfg benutzer,8
datum 03,8
19 01,8
titel wikipedia,8
7 dez,7
readers edition,7
gelöscht urv,7
yes men,7
2004 utc,7
datum 19,7
einsortierung artikeln,6
timel m,6
medium heise,6
special recentchanges,6
· hilfe,6
wikinews spezial,6
spezial allpages,6
1 0,6
heise online,6
elian wikinews,6
4 12,6
month ago,6
0 freigegeben,6
artikeln kategorie,6
the yes,6
ago timel,6
spezial letzte,5
vorerst verboten,5
wikimedia commons,5
spiegel online,5
artikelstatus fertig,5
zusammenfassung quellen,5
2006 cest,5
verboten gelöscht,5
jun 2006,5
2004 cet,5
dab dab,5
benutzer dab,5
dow chemical,5
einstweilige verfuegung,5
10 dez,5
laut wikinews,5
wikinews gestartet,5
letzte aenderungen,5
orange revolution,4
gelöscht unnötiger,4
november 2006,4
unnötiger redirect,4
arbeit soziales,4
deutsche wikinews,4
artikel pro,4
34 5,4
telefone voreingestellter,4
september 2005,4
telekomvorwahl vorerst,4
datum 20,4
benutzer michaeldiederich,4
schindler wikinews,4
2005 kategorienanzahl,4
originaere berichterstattung,4
dezember 2005,4
revolution gelöscht,4
document location,4
timel f,4
2007 cet,4
pro tag,4
wikinews organisation,4
fertig 3,4
josef schwammberger,4
m 1,4
michaeldiederich michaeldiederich,4
kategorie deutsche,4
7 12,4
wikinews archiv,4
hauptseite newsticker,4
wikimedia de,4
hilfe übersicht,4
voreingestellter telekomvorwahl,4
hauptseite aufmacher,4
medium spiegel,4
hendrik brummermann,4
06 5,4
000 kategorien,4
1 12,4
· kategorie,3
2004 gelöscht,3
rc 1,3
datum 06,3
40 5,3
vorlage originalbericht,3
referenzliste fuer,3
quellen –,3
tonline unschluessig,3
redirect wikinews,3
wolfdieter wolfdieter,3
wikinews lizenzbestimmungen,3
000 artikel,3
elian kategorie,3
elian orange,3
06 2006,3
ausser betrieb,3
empfehlung angebotes,3
trennt freien,3
de wikinews,3
kosmische strahlung,3
hilfe quellen,3
mutterkonzernes gelöscht,3
location search,3
16 jun,3
listusers benutzer,3
detektor fuer,3
57 4,3
ifexist vorlage,3
ifeq timel,3
themenportal politik,3
days ago,3
15 days,3
wikinews plaene,3
deutschland 03,3
benutzer wolfdieter,3
regeln empfehlungen,3
03 2006,3
thunderbird 1,3
rssfeed seiten,3
thunderbird rc,3
riesiger detektor,3
übersicht hilfe,3
wikinews org,3
wikinews benutzer,3
datum 14,3
05 34,3
26 november,3
journalisten gelöscht,3
august 2005,3
heiseverlag trennt,3
kategorien regionalkategorien,3
onload functions,3
unschluessig ueber,3
19 57,3
wikimedia foundation,3
ueber empfehlung,3
freien journalisten,3
freigegeben gelöscht,3
url id,3
newsticker meldung,3
fuer kosmische,3
spezial listusers,3
neue seite,3
39 5,3
brauche hilfe,3
angemeldete spezial,3
month 15,3
angebotes mutterkonzernes,3
gelöscht doppelt,3
20 01,3
gelöscht rssfeed,3
wikinews zusammenfassung,3
gruss benutzer,3
grund fuer,3
3 dezember,3
22 10,3
21px portal,3
jupitermond europa,3
21px wikinews,3
europa riesiger,3
07 2006,3
f 1,3
portal lottozahlen,3
12 indymedia,3
tag kategorie,3
china gelöscht,3
juli 2005,3
wikinews de,3
37 5,2
bitte meldungen,2
strahlung gelöscht,2
benutzer hendrik,2
weitere informationen,2
4 dezember,2
51 3,2
statistik artikel,2
weiterleitung alten,2
teilweise hilfe,2
bill gate,2
telekom ag,2
46 6,2
streitkraefte ausland,2
5 jahre,2
berichterstattung journalismus,2
berlin erwirkt,2
svg thumb,2
47 5,2
4 000,2
bewaffneter streitkraefte,2
tag monat,2
svg 40px,2
46 4,2
test alter,2
beta logo,2
telekommunikation post,2
t magazin,2
bild deutsche,2
allpages 2,2
56 4,2
57 3,2
umlaufgesichertes geld,2
artikel wikinews,2
vorabversion thunderbird,2
viktor juschtschenko,2
bitte wikipediaartikel,2
artikel bild,2
artikel artikel,2
artikel 1,2
urheberrechte beachten,2
akl heiseverlag,2
url indexof,2
ard spenden,2
archiv hauptseite,2
architektur bauwesen,2
akl hinrichtung,2
urv wörtlich,2
aonloadfunctions length,2
antennenfernsehen rheinmaingebiet,2
aktuelle ereignisse,2
verfuegung eltern,2
verteidigungsminister gelöscht,2
analoges antennenfernsehen,2
verkauf telefone,2
amerikanischer verteidigungsminister,2
verstorbenen computerhackers,2
aeltere artikel,2
artikelstatus entstehen,2
vorerst abgeschaltet,2
titel readers,2
themenportal deutschland,2
themenportal wirtschaft,2
59 15,2
themenverwandte artikel,2
thumb 300px,2
59 4,2
6 000,2
9 dez,2
timel y,2
titel fuer,2
titel muessen,2
w bundesverfassungsgericht,2
uhr gelöscht,2
titel titel,2
b5 d9,2
titel …,2
action edit,2
vorlage bild,2
toten computerhackers,2
tp r4,2
u ae,2
augenkrebsfördernde farben,2
ueber wikinews,2
attribution 2,2
standard url,2
sonderzeichen titel,2
blaite 13,2
nachrichten schreiben,2
gelöscht news,2
gelöscht wikipedia,2
möchte ard,2
gelöscht wurden,2
multiple onload,2
momentan teilweise,2
gerne beteiligen,2
militaerwesen 3,2
men the,2
grundlegende dinge,2
meldungen eigenen,2
hauptportal titel,2
medizin gesundheit,2
medium zdnet,2
medium telepolis,2
hauptseite spezial,2
hauptseitentitel entfernen,2
gelöscht inhalt,2
gelöscht bitte,2
hennigsdorf 15,2
geld gelöscht,2
onlinejournalismus de,2
online newsticker,2
oktober 2005,2
foundation inc,2
notcategory kategorie,2
nikolaus 2004,2
fuer computer,2
neuen titel,2
neuen gesetz,2
fuer staaten,2
fuer ungueltig,2
fussballergenisse gelöscht,2
gate möchte,2
namespace 0,2
nachrichtenseite wikinews,2
gehörenden wikinews,2
nachrichtenquelle wikinews,2
heise de,2
medium c,2
blaite 18,2
liste staatsformen,2
instant messaging,2
laender artikel,2
inverssuche gelöscht,2
kurze begruendung,2
kundschaft augenkrebsfördernde,2
kopiert bitte,2
januar 2006,2
job queue,2
journalismus erster,2
kategorie artikelstatus,2
kategorie bauwewsen,2
kategorie bildung,2
kategorie bundesverfassungsgericht,2
kategorie wahl,2
kategorie hauptkategorie,2
kategorie the,2
kategorie politik,2
inhalt schwierige,2
indexof action,2
hilfe brauche,2
index ·,2
hilfe faq,2
mathiasschindler jpg,2
marke wikimedia,2
hilfe verschieben,2
hilfe ·,2
hinrichtung gelöscht,2
hintergrundfarbe 222,2
magazin fuer,2
maer 2007,2
m timel,2
löschen wikinews,2
löschen wegen,2
löschen kategorie,2
hochladen dateien,2
if window,2
lizenz erlaubt,2
import onlyifeditingfunctions,2
fernhaelt sollen,2
feb 2007,2
farben fernhaelt,2
computerhackers tron,2
creative commons,2
d8 b5,2
dab diskussion,2
seite anlegen,2
datum 10,2
search indexof,2
datum ausgabe,2
schwierige wirtschaftliche,2
de ausser,2
schwammberger gestorben,2
schritte ·,2
de vorerst,2
schindler thunderbird,2
schindler inverssuche,2
deutsche bundespolitik,2
schindler fussballergenisse,2
schindler donald,2
siehe diskussion,2
computerhackers berlin,2
faq ·,2
computer technik,2
staatsformen souveraener,2
bleibt amerikanischer,2
staaten aehnliches,2
border 0,2
brandenburg hennigsdorf,2
brummermann hendrik,2
spielwiese gelöscht,2
spezial whatlinkshere,2
c t,2
sowie projekt,2
channel 4,2
souveraener staaten,2
sollten verwendet,2
sollen vernehmen,2
commons attribution,2
siehe wikinews,2
siehe kategorie,2
deutsche personalie,2
deutsche telekom,2
schindler diskussion,2
schindler bild,2
elian jupitermond,2
projekt kundschaft,2
eltern toten,2
presse wikimedia,2
pressde wikimedia,2
enable multiple,2
englischsprachige wikipedia,2
portale portale,2
ereignisse beizutragen,2
portal hauptportal,2
politik u,2
erste schritte,2
erster hand,2
euro umlaufgesichertes,2
passen siehe,2
existiert bereits,2
faq faq,2
psychoglobal wikinews,2
elian bill,2
einsatz bewaffneter,2
document write,2
schalter vorlage,2
samstag 4,2
rumsfeld bleibt,2
diskussion löschkandidaten,2
rheinmaingebiet eingestellt,2
document title,2
document url,2
donald rumsfeld,2
eingetragene marke,2
regionalwetter brandenburg,2
regionalkategorien laenderkategorien,2
redirect fussballergebnisse,2
edition wikinews,2
eigenen worten,2
r4 artikel,2
eingestellt gelöscht,2
wiki png,2
kategorie recht,2
13 59,2
wurde einstweilige,2
10 netz,2
wikinews wurde,2
wikipediaartikel wikinews,2
wikinews kopieren,2
wikinews logbuch,2
08 4,2
000ste artikel,2
25 september,2
10 4,2
12 pcwelt,2
wikinews beta,2
20 11,2
zeiten sowie,2
worten formulieren,2
10 12,2
wikinews meilensteine,2
wikinews wikinews,2
09 05,2
wikinews meinungsbild,2
12 standard,2
15 feb,2
12 telepolis,2
27 jun,2
00 uhr,2
29 12,2
wikinews artikel,2
3 000,2
3 12,2
wikinews urheberrechte,2
2 5,2
01 06,2
window aonloadfunctions,2
wikinews eltern,2
wikinews handbuch,2
19 51,2
22 oktober,2
222 portalname,2
wikipedia darf,2
übereinstimmung wikinews,2
wörtlich kopiert,2
03 dezember,2
11 8,2
wikinews hilfe,2
22 22,2
· vorlage,2
wurde vorlage,2
19 06,2
22 12,2
23 4,2
wikinews® eingetragene,2
02 12,2
06 06,2
06 12,2
wikinews jedoch,2
18 6,2
zweite schritte,2
01 2007,2
18 59,2
12 frankfurter,2
23 59,2
07 6,2
21 46,2
wikinews ueber,2
y 1,2
14 47,2
wikinews statistik,2
30 4,2
wirtschaftliche zeiten,2
wikimedia gehörenden,2
1 000,2
13 10,2
wikinews portale,2
14 7,2
14 03,2
wirtschaft gelöscht,2
2005 cet,2
1 1,2
13 themenbereich,2
– regeln,2
zitat tages,2
2004 kategorie,2
2005 portale,2
0 document,2
wikinews originaere,2
2006 kategorienanzahl,2
1 html,2
15 00,2
nachrichtenportale lassen,1
of citizen,1
offenen wissensdatenbanken,1
offener lehrbuecher,1
offensichtlich teil,1
nutzungsbedingung befindet,1
ns special,1
offiziellen angaben,1
nutzerstatistik gelöscht,1
ns help,1
nachrichtenportal zoomer,1
offiziellen staatenlisten,1
zeichnet ab,1
nachrichtenportal wikinews,1
oftmals zwei,1
zh special,1
ohmynews global,1
okt 2009,1
oktober 2004,1
offene nachrichtenportale,1
oesterreich –,1
nutzungsrecht jegliche,1
oesterreich schweiz,1
nutzen folgenden,1
nachrichtenportals wikinews,1
nachrichtenquelle schaffen,1
nutzungsrechte wikinews,1
obenstehende bestimmungen,1
oberkategorie kategorie,1
nummer zwei,1
zdnet de,1
oberste gerichtshof,1
oberstes gericht,1
obleute fraktionen,1
zehntausendsten artikel,1
nutzungsrecht gilt,1
nsverbrecher schwammberger,1
oeffentlichkeit wenig,1
nutzer inhalten,1
nutzungsbedingungen beschrieben,1
zh 首页,1
namens wikibooks,1
ziel anzupassen,1
oldid 1,1
oppositionskandidaten w,1
zahl opfer,1
orangene tiere,1
order ascending,1
ordnet neuwahlen,1
org content,1
org fuer,1
org kompletten,1
nachrichtendienst wikinews,1
org mailman,1
nachrichtenartikel wichtig,1
z b,1
org sic,1
org siehe,1
org wiki,1
nachrichtenagentur reuters,1
nachrichten uebernommen,1
org wobei,1
nachrichten samstag,1
nachrichten s,1
zitatsammlung de,1
yahoo erscheinen,1
organisation meilensteine,1
oppositionsfuehrer gudanggaram,1
opposition uebte,1
opfer mindestens,1
nachrichtenplattform verschaerfter,1
online ausgabe,1
online dsluser,1
online frank,1
nov 2005,1
online gegangen,1
zdfheute inhalt,1
online schon,1
nachrichtenplattform wikinews,1
online tobias,1
online url,1
online wikinews,1
onlyifediting js,1
onlineenzyklopaedie danach,1
onlineenzyklopaedie wikipedia,1
zdf heute,1
onlinekosten de,1
onlinelexikon waechst,1
ziel menschen,1
onlinelexikon wikipedia,1
onlinewörterbuch sprachausgabe,1
onload function,1
zahlenformate abkuerzungsregeln,1
nachrichtenportal derwesten,1
zeilen wuerde,1
notcategory unveröffentlicht,1
zeigen fuege,1
netzeitung altpapier,1
netzeitung de,1
netzeitung online,1
namen anschrift,1
neu ·,1
neue dimension,1
neue genannte,1
neue kategorie,1
neue kategorien,1
name without,1
neue kolonialpolitik,1
neue plaene,1
zeitung selber,1
neue presse,1
name sohnes,1
zeitschriften verlag,1
neue seiten,1
neue ziel,1
neuem lemma,1
name autors,1
zeitpunkt angestellter,1
nahmen urteil,1
neuen herausforderungen,1
zeitung titus,1
netzanbieter geraeten,1
namen existiert,1
negative berichterstattung,1
namensraum fuer,1
namens w,1
namensregelung sowas,1
namensvorschlaege bitte,1
namen stagn,1
namensvorschlaege wikinews,1
zeitungen plazieren,1
zeitungen onlinemagazine,1
neben pseudonym,1
neeeeein wirklich,1
namen staaten,1
netz teil,1
nehmen alter,1
nennt oftmals,1
namen organisationen,1
net sinus,1
net untersagt,1
netter eintrag,1
netz kommentar,1
netz kölnlexikon,1
namen firma,1
netz politikdigital,1
naeheres find,1
neuen seite,1
naehere gesetzliche,1
nirwanischen parlament,1
zeit pflicht,1
newsticker newsticker,1
nacht 20041205,1
newsticker ·,1
newstickerkultur gelöscht,1
nachrichtenwert eintraege,1
newstickerpolitik gelöscht,1
niedersachsen geschlossen,1
nachrichtentitel klammern,1
nikolaus gelöscht,1
no comment,1
newsticker action,1
no forside,1
no spesial,1
noarticletext namespace,1
nordamerika 3,1
nordamerika titel,1
zeit gemeinsam,1
normale leute,1
norwegischen eidsvoll,1
zensur wikipedia,1
zentral geklaert,1
newsticker hauptseite,1
newssite online,1
neuer rekord,1
newarticletext namespace,1
neuer titel,1
neues deutschland,1
neutralen standpunktes,1
zeit unwiderruflich,1
naechster zeit,1
neutralitaet gelöscht,1
neutralitaet hut,1
neuwahlen erfuellt,1
neuwahlen spaetestens,1
new array,1
news alter,1
newsnamensraum bitte,1
news de,1
news finden,1
news fuer,1
x65px link,1
news media,1
nachwirkungen heute,1
news siehe,1
news wikimedia,1
nachtraeglich wikinews,1
newsmedlungen zeitungen,1
news gelöscht,1
pagename bildbeschreibungsseite,1
x30px link,1
quellen informationswert,1
projekte profitieren,1
projekte siechen,1
projekte teil,1
projektes gesammelt,1
projektintere referenzliste,1
projektinterne weite,1
projektseite stehen,1
prometheus entzieht,1
worden firmensprecher,1
provinz quezon,1
prozent abgeordneten,1
prozent falschmeldung,1
pseudonym volle,1
worden anklage,1
pt especial,1
pt página,1
publizistik berlin,1
punkt 4,1
punkte bitte,1
purge liste,1
página principal,1
wolfdieter 19,1
quelle abkuerzung,1
quelle genannt,1
quelle informationen,1
quelle quellen,1
quelle verwendet,1
world 2004,1
projekt wikipedia,1
world –,1
pressestammtisch diskutieren,1
wurde 27,1
praesidentschaftswahlen fuer,1
praesidentschaftswahlen nirwanistan,1
press announcement,1
wurde 2,1
wuerden urteil,1
presse wikimacher,1
wuerde aktuellen,1
presseanfragen deutschsprachige,1
presseberichte ueber,1
pressefreiheit forum,1
pressemitteilungen mailto,1
pressestammtisch gelöscht,1
projekt fairen,1
wuenschten neben,1
pressestammtisch namensvorschlaege,1
pressestammtisch pressestammtisch,1
pressestammtisch ·,1
print 59380,1
wozu brauchen,1
pro seite,1
probiern mal,1
problem glaubwuerdigkeit,1
produktion nachrichten,1
professor totgeschrieben,1
project impressum,1
quellen bitte,1
quellen quellenangaben,1
organisation plaene,1
quellen sollten,1
recentchanges metawiki,1
recentchanges wikimedia,1
recentchanges wikispecies,1
recherchetipps gelöscht,1
recht bereinigung,1
recht titel,1
recht ukraine,1
rechte bundestages,1
rechte verletzt,1
rechteinhabers de,1
rechts link,1
rede wert,1
redirect computer,1
redirect deutsche,1
wissenschaftlter gelöscht,1
redirect diskussion,1
redirect erdbeben,1
wissenschaftler vermehrt,1
redirect kultur,1
redirect nikolaus,1
redirect sslagerkommandant,1
redirect thunderbird,1
redirect vorabversion,1
wissenschaft titel,1
reduziert kollaborative,1
referendum doppelten,1
wissenschaft geekkultur,1
wissensdatenbanken gigantischen,1
reagiert kritik,1
readersedition de,1
quellenlos pov,1
quellen wikinews,1
quellen wobei,1
quellen zusammenfassung,1
wolfdieter 14,1
quellenabschnitte aelterer,1
quellenangabe fuer,1
wolfdieter 00,1
quellenangabe verwenden,1
wohl wichtigste,1
quellenangaben lizenzbedingungen,1
quellenangaben –,1
quellenlos gelöscht,1
wohl test,1
readers edition”,1
quellenverzeichnis enthalten,1
quellenverzeichnis –,1
queue 7,1
queue job,1
wohl geloggt,1
wobei nachrichtenwert,1
quezon fordert,1
wobei bedarf,1
raum freiburg,1
rauschen haertet,1
without brackets,1
reader edition,1
praesidentschaftswahl nirwanistan,1
početna strana,1
poynter org,1
pov siehe,1
patalong blog…,1
patenten menschliche,1
paulvorbach de,1
pc magazin,1
pcmagazin berichtet,1
pcmagazin berichtigte,1
pcwelt online,1
pcwelt wikinews,1
wurde verwendete,1
permanent datenbank,1
personalie deutsche,1
wurde versehentlich,1
personalien menschen,1
personen rund,1
peruanerin miss,1
pflegt stagnliste,1
pflicht quellenangabe,1
wurde readers,1
phaenomens wikipedia,1
philippinischen provinz,1
pickings de,1
pl specjalna,1
pl strona,1
plaene plaene,1
plaene ueberarbeiten,1
plaene ·,1
platz fuer,1
wurde veröffentlicht,1
wurde zwischenzeitlich,1
partei ukraine,1
www current,1
organisation pressespiegel,1
organisation wartung,1
organisationen firmen,1
organisationen gerne,1
orientieren benutzer,1
originalbericht manuelle,1
originalbericht momentan,1
ort zeit,1
ostatnie zmiany,1
ostsee tausende,1
ozeanien titel,1
ozeanisches militaerwesen,1
p kurze,1
partei autor,1
paar tage,1
nachrichten gearbeitet,1
pagina principale,1
pagina principală,1
panicmache siehe,1
papst themenportal,1
parameter uebergeben,1
wurden wikinews,1
parlament eskaliert,1
wurden vorlage,1
parlament militaerischen,1
parlamentsbeteiligungsgesetz rechte,1
platzte kondom,1
plauderecke plauderecke,1
plauderecke ·,1
portale denen,1
portal originaere,1
portal ozeanien,1
portal papst,1
portal politik,1
portal recht,1
portal sport,1
portal suedamerika,1
portal umwelt,1
portal verstorbene,1
portal wenig,1
portal wirtschaft,1
portal wissenschaft,1
portale fuer,1
portal medien,1
wurde deutschsprachigen,1
portale ·,1
portalen referenzliste,1
wurde automatisch,1
wurde 5,1
portalname voy,1
portals extern,1
portals ja,1
posebno recentchanges,1
post eisenbahnen,1
post heute,1
post –,1
portal nordamerika,1
portal maerkte,1
plaudern netz,1
politik titel,1
plazieren verlinkung,1
plenardebatte verlangen,1
wurde muessten,1
png bild,1
png hochgeladen,1
png wiki,1
png x65px,1
polen erklaert,1
politik aufbau,1
politik deutschland,1
politik digital,1
politik netter,1
politik ukraine,1
wurde ja,1
politikdigital de,1
portal afrika,1
portal antarktika,1
portal arbeit,1
portal asien,1
portal computer,1
portal erstellung,1
portal europa,1
portal gerichtsurteile,1
portal global,1
wurde laut,1
portal kultur,1
nachrichten reisenachrichten,1
wiki world,1
nachrichten fuer,1
krueger tp,1
lanciert katastrophe,1
landen gerade,1
landgericht stuttgart,1
landtagswahl‬ passen,1
langen editwars,1
langfristig vorlage,1
langsamer konnte,1
lars 18,1
lars lars,1
lassen journalisten,1
lassen viele,1
lastindexof mptitle,1
laut neuen,1
laut wikimedia,1
முதற் பக்கம்,1
சிறப்பு recentchanges,1
lautete zwölffachen,1
layers of,1
lebens normale,1
lebenslange freiheitsstrafe,1
مُک صفحو,1
leeren seite,1
خاص أحدث,1
lehrbuecher namens,1
lehrbuecher sowie,1
leiden heute,1
leidenschaft wiener,1
lagerkommandant w,1
laeuft bereits,1
laesst nachrichten,1
könnten beide,1
kultur gelöscht,1
kultur titel,1
– deutschland,1
kursbestimmung wikipedia,1
kurze ankuendigung,1
kurze artikel,1
– allerdings,1
kuturticker gelöscht,1
köln netz,1
kölnlexikon laut,1
königreich 03,1
königreichs 0,1
könnten regionalen,1
laenger existierenden,1
könnten text,1
könnten vielen,1
könnten w,1
laedt jedermann,1
– 5,1
laender bezeichnet,1
laender durchgehen,1
laenderkategorien arbeit,1
laendern denen,1
พิเศษ recentchanges,1
laendern pressefreiheit,1
laenge mw,1
length function,1
length i,1
lesenswert datei,1
localyear localmonth,1
lizenzbestimmungen creative,1
lizenzbestimmungen freien,1
localday localmonthname,1
специални последни,1
служебная recentchanges,1
localdayname localday,1
localhour currenthour,1
localmonth aktuelle,1
localmonthname datei,1
localmonthname localyear,1
localtime uhr,1
localurl ns,1
localyear localtime,1
lizenzbedingungen dortigen,1
последни промени,1
log delete,1
lokal hochladen,1
lokal reporter,1
lokales hochladen,1
lokalnachrichten gelöscht,1
london vereinigtes,1
lotto icon,1
lottozahlen aktuelle,1
lottozahlen datei,1
lottozahlen lottozahlen,1
lovink waehrend,1
lizenzbedingungen inhalt,1
lizenz wortlaut,1
lesenswerter artikel,1
linktipp wikinews,1
leser titel,1
leserschaft aufzubauen,1
leute erfasst,1
lieber offiziellen,1
liefern ausgebildete,1
liessen verlauten,1
link hilfe,1
link portal,1
links artikeln,1
links mehr,1
links seite,1
links taz,1
linux gelöscht,1
спеціальні recentchanges,1
linuxmagazin 01,1
liste aa,1
liste aktualisieren,1
liste entfernen,1
liste staaten,1
الصفحة الرئيسية,1
listen anzuraten,1
أحدث التغييرات,1
שינויים אחרונים,1
listinfo wikinewsdel,1
עמוד ראשי,1
מיוחד שינויים,1
kultur dezember,1
kritische oeffentlichkeit,1
nachrichten besorgt,1
kritik neuen,1
kategorien irgendwie,1
kategorien kategorien,1
– lokal,1
kategorien kommunikation,1
kategorien medizin,1
kategorien muster,1
kategorien politik,1
– köln,1
kategorien portale,1
kategorien recht,1
– konstitutive,1
kategorien sortieren,1
kategorien ueberfluessig,1
kategorien wissenschaft,1
kategorien ·,1
kategorienanzahl kategorie,1
kategorienbereinigung regionalkategorien,1
kategorisierung darstellung,1
kennzeichnen liste,1
kennzeichnung artikeln,1
kernaussage nachricht,1
kiew ukraine,1
kissling wiki,1
klaeren staat,1
klammern unnötige,1
klammern waeren,1
klausel zuschreibung,1
kategorien ethik,1
– muesste,1
kategorien art,1
kategorie urteil,1
kategorie soldat,1
kategorie sozialethik,1
kategorie staat,1
kategorie staats,1
kategorie streitkraefte,1
… befuerchtet,1
† blödsinn,1
kategorie thueringen,1
kategorie ukraine,1
kategorie ukrainische,1
kategorie ungarische,1
kategorie unveröffentlicht,1
kategorie verfassungsbeschwerde,1
kategorien architektur,1
kategorie verfassungsstreit,1
– wikinews,1
kategorie vergiftung,1
kategorie vermischtes,1
kategorie verstorben,1
– vergangenen,1
– schreib,1
kategorie wiktor,1
kategorie wirtschaft,1
kategorie zweiter,1
kategorien arbeit,1
– professor,1
kleine aenderungen,1
– konsequent,1
kleine aktuelle,1
konzept wikinews,1
konnte kollaborative,1
– ergaenzung,1
konsequent dreist,1
konsequenzen bewusst,1
konstitutive zustimmung,1
kontakt pflegt,1
kontakt ·,1
kontinent bilden,1
kontinent hierher,1
kontinente hinzugefuegt,1
kontinentleiste kontinente,1
konvergenz wikis,1
kopieren urheberrechtlich,1
konnte gerade,1
– enthaelt,1
kopiert punkt,1
korrekturen rund,1
– einstiegshilfeseite,1
kostenloses onlinelexikon,1
kraefte –,1
krankheiten offensichtlich,1
kressreport alternative,1
krieg gelöscht,1
krieg passen,1
krise bietet,1
kritik neue,1
konnte gruppe,1
konnte bisher,1
kleine missionen,1
kommen 11,1
– haus,1
kleine orangene,1
– grundsaetzlich,1
klicken bild,1
koalition beschloss,1
kollaborative nachrichtenplattform,1
kollaborative nachrichtenportal,1
kollaborative nachrichtenseite,1
kollaborative produktion,1
kollaborativen nachrichtenseite,1
kolonialpolitik gelöscht,1
kommas verwenden,1
kommentar autors,1
konkurrenz fuer,1
kommentar heilige,1
– grundlegende,1
– frei,1
– ersatzweise,1
kommerziell nutzen,1
kommissario benutzer,1
kommt zwanzigste,1
kommunikation bereinigung,1
kommunikationsguerilla kommunikationsguerilla,1
kommunikationsguerilla lanciert,1
kompletten buechern,1
kondom blödsinn,1
löschen achtung,1
löschen artikelnamensraum,1
löschen benutzer,1
löschen benutzt,1
michaeldiederich nikolaus,1
michaeldiederich regionalwetter,1
michaeldiederich wikinews,1
michaeldiederich wirtschaft,1
microsoft entwickelt,1
militaerbeobachter sudan,1
militaerischen einsaetzen,1
militaerstrukturen zugeordnet,1
militaerwesen 11,1
militaerwesen 14,1
militaerwesen 4,1
militaerwesen kontinent,1
milliarden usdollar,1
millionen artikeln,1
mindestens 20,1
mindestens 3,1
mindestens 400,1
ministerpraesidenten regierungskandidat,1
miss world,1
missionen schneller,1
mist baut,1
mitarbeiten heisst,1
mitarbeiter china,1
mitarbeiter janukowitsch,1
mitglied gruppe,1
mitgliedszeitschrift deutschen,1
mitmachen datei,1
zusammenhang unabhaengigkeitsgrades,1
zuschreibung lizenz,1
metawiki ·,1
men w,1
meldung nachrichtenagentur,1
meldung print,1
meldung scheint,1
zuschreibung wikinews,1
meldung tragen,1
meldung wurde,1
zuschreibung wiki,1
meldungen portal,1
zuschreibung partei,1
men bereits,1
zuschreibung name,1
men urheber,1
men website,1
metaseite newsnamensraum,1
menschen einlaedt,1
menschen gas,1
menschen juedischen,1
menschen laendern,1
menschen sofort,1
menschen öffentlichen,1
menschenleben gelöscht,1
menschliche gene,1
messaging instant,1
messaging ·,1
mesz 1,1
meta hilfe,1
mitmachen kannst,1
mitmachen schalter,1
mitstreiter gering,1
möglich –,1
zugeordnet untergeordnet,1
mw manual,1
zugaenglichen informationsquellen,1
zufolge starben,1
möchte eintragen,1
reformplaene eskaliert,1
möglich beispiel,1
möglich dateien,1
zuerst wikinews,1
möglich diskussionsseite,1
zudem buhlen,1
möglich toolserverprojekte,1
möglichkeiten könnten,1
muster streitkraefte,1
möglichst terminangabe,1
möller jahr,1
n24 de,1
n24artikel bereits,1
nachbarn plaudern,1
nachdem 1987,1
zoomer de,1
nachricht enthalten,1
nachricht erwartet,1
nachricht hintergrundberichte,1
nachricht ueber,1
zitiert vertreter,1
mutig weitere,1
muessten meinung,1
mitverschoben geben,1
monaten hell,1
mod 24,1
modifications récentes,1
moldawien 0,1
molekulares rauschen,1
moment krise,1
zurueckholen ausserdem,1
momentan dient,1
momentan seht,1
zumindest mfg,1
momentanen ministerpraesidenten,1
monat svg,1
monat vergleich,1
zukunft möglich,1
muesste zentral,1
zugriffszahlen news,1
mord 40,1
mord beihilfe,1
mptitle hauptseite,1
mudanças recentes,1
muenze nehmen,1
muessen deutschsprachigen,1
muessen klaeren,1
muessen lizenzbedingungen,1
muessen uebersetzt,1
muessen zumindest,1
muesste portal,1
meldung feiern,1
meldung 61538,1
meldung 53918,1
manual job,1
main deutschland,1
main page,1
mal ausfaellt,1
· wikt,1
mal drei,1
mal kategorie,1
mal richtigen,1
mangelnder neutralitaet,1
mannheim lebenslange,1
· wikispecies,1
· w,1
mantilla garcia,1
· v,1
mailto pressde,1
manuellautomatische dplisten,1
manuelle angabe,1
maria julia,1
· spezial,1
mass media,1
· s,1
· mail,1
· commons,1
media wikinews,1
· b,1
mediawiki newarticletext,1
mediawiki noarticletext,1
mailto presse,1
mailman listinfo,1
medien titel,1
löschregeln löschregeln,1
löschen china,1
löschen doppelt,1
посебно recentchanges,1
начална страница,1
löschen neuem,1
löschen tippfehler,1
löschen verschoben,1
заглавная страница,1
главна страна,1
löschkandidaten löschkandidaten,1
löschkandidaten ·,1
löschregeln handeln,1
m special,1
»nutzer grenzenlosem,1
m wikimedia,1
macht nachrichten,1
macht platz,1
macht wikiblogflickrfurl,1
öffentlichen lebens,1
maerkte börsenindizes,1
mafiaverdaechtiger rueckt,1
öffentlich aufzufuehren,1
mai 1992,1
mai 2005,1
mai 2008,1
mail wikipedia,1
mediawiki onlyifediting,1
medien wikinews,1
melden bezieht,1
mehr online,1
zwei berlusconipartei,1
medium stern,1
zuvor umbenannt,1
medium tecchannel,1
medium wiesbadener,1
medium wireservice,1
zutreffende nutzungsbedingung,1
zustimmung deutschen,1
zustimmen darf,1
mehr aktuellen,1
mehr benutzer,1
zustand steckenbleibt,1
mehr spezial,1
medium rponline,1
mehr zwei,1
mehrere projekte,1
mehrfachweiterleitungen erkennen,1
meilensteine projektes,1
meilensteine weitere,1
meilensteine wikipedia,1
meint medientheoretiker,1
meinung quellenabschnitte,1
meinungsbild 7tagelöschregelung,1
meinungsbild abgeschlossen,1
meinungsbild meinungsbilder,1
meinungsbilder ·,1
zwei millionen,1
zwei möglichkeiten,1
medienpreis 2005,1
medium handelsblatt,1
medienrauschen deutsche,1
medientheoretiker geert,1
medienticker freie,1
medium 4websites,1
medium bbcworld,1
zwölffachen mord,1
medium de,1
medium direkt,1
medium dslteam,1
medium ftd,1
medium golem,1
zwölf milliarden,1
zwischenzeitlich erstellt,1
medium readersedition,1
medium hitmeister,1
medium hna,1
medium n24,1
zweiter weltkrieg,1
medium netzeitung,1
zweiten blick,1
medium onlinejournalismus,1
medium onlinekosten,1
medium pc,1
medium pickings,1
medium politik,1
medium politikdigital,1
möchten wer,1
reuters konnte,1
regel klicken,1
regelung gefasst,1
uhr wurde,1
uhrzeit 3,1
wikinews interessen,1
uk головна,1
uk спеціальні,1
ukraine 03,1
ukraine erklaert,1
ukraine urteil,1
ukrainische gerichtsbarkeit,1
umbenannt kategorien,1
umfassende lehrbuecher,1
wikinews integrieren,1
umfasst wikipediaeintrag,1
umgefallen benutzer,1
umgezogen wikinews,1
wikinews instant,1
umleitung liefert,1
umstrukturierung aeste,1
umwege buergern,1
umwelt titel,1
umzubenennen dabei,1
umzugehen gebot,1
unabhaengig ort,1
unabhaengiger nachrichtendienst,1
unabhaengigkeitsgrades gegenseitigen,1
unbeschraenktes nutzungsrecht,1
unblock seite,1
uhr switch,1
wikinews journalisten,1
ugly headline,1
ueber umwege,1
ueber aktuelles,1
ueber bhopalentschaedigung,1
ueber deutschland,1
ueber einsatz,1
wikinews kategorien,1
wikinews kategorie,1
ueber entschaedigungszahlungen,1
ueber google,1
ueber grosse,1
ueber hundert,1
ueber interne,1
ueber schreibt,1
ueber verstorbenen,1
uebte harsche,1
wikinews kasseler,1
ueberfluegelt wikinews,1
ueberfluessig gruss,1
uebergeben soweit,1
ueberhaupt quelle,1
ueberlassen meint,1
uebernehmen eintraege,1
wikinews juengstes,1
uebernommen zwölf,1
ueberpruefen unfaelle,1
ueberraschenden ergebnissen,1
ueberwiegend kategorie,1
wikinews initiiert,1
unblogbar wikinews,1
unfaelle unfall,1
v i,1
urteil w,1
wikinews gesammelt,1
urteile bverfg,1
urv bitte,1
urv golem,1
wikinews gelten,1
usd erreicht,1
usdollar entschaedigungen,1
wikinews geht,1
usdollar usd,1
utc jahr,1
utc redirect,1
v spezial,1
urteil grossem,1
vandalismus verhindern,1
var aonloadfunctions,1
wikinews geburtstag,1
var i,1
var isdiff,1
var ismainpage,1
var ismainpagefront,1
var mptitle,1
verabschiedete idee,1
verantwortung uebernommen,1
verarbeiten könnten,1
verbilligt angeboten,1
urteil verlangt,1
urteil akzeptieren,1
unfall 13,1
unternehmer welt,1
ungarische politik,1
ungarn gelöscht,1
ungueltig ordnet,1
unheilbaren krankheiten,1
unmittelbaren nachwirkungen,1
unnötige kommas,1
wikinews informantenschutz,1
unten genannt,1
untergeordnet anzahl,1
unterkategorien klammern,1
unterlegenen oppositionskandidaten,1
unternehmen organisationen,1
wikinews heute,1
wikinews gewaehrsmann,1
untersagt w,1
unterzeichnt uebernehmen,1
unterzeichnungen gelöscht,1
unverbindlich gilt,1
unveröffentlicht bearbeiten,1
update laut,1
urheber taeuschung,1
wikinews grund,1
urheberrechte verjaehrt,1
urheberrechtlich geschuetzter,1
wikinews graz,1
wikinews gibt,1
ueber aktuelle,1
ubahnfahrstuhldiebstahl china,1
wikinews kollaborative,1
titel europa,1
titel antarktika,1
titel arbeit,1
titel asien,1
titel bekannt,1
titel benötigt,1
titel bericht,1
titel böser,1
titel chinesische,1
titel computer,1
titel echtes,1
titel editwars,1
titel englischsprachige,1
titel falschmeldung,1
titel amtsgericht,1
titel formaten,1
wikinews nutzerstatistik,1
titel global,1
titel huffington,1
titel it,1
titel kasselwiki,1
titel kernaussage,1
titel kultur,1
titel kursbestimmung,1
titel kurze,1
titel medien,1
titel neuen,1
titel angelegt,1
titel amateure,1
titel nordamerika,1
wikinews pressestammtisch,1
the news,1
wikinews quellenangaben,1
wikinews quellen,1
thema anpacken,1
thema genannten,1
thema quellen,1
wikinews que,1
thema ueberhaupt,1
themen genau,1
themenbereich themenbereich,1
themenbereich vermischtes,1
themenportal angelegt,1
wikinews pressespiegel,1
titel afrika,1
themenportal medien,1
themenportal recht,1
themenportal ukraine,1
wikinews plauderecke,1
these buergerjournalisten,1
this way,1
thueringen finden,1
wikinews originalbericht,1
tiere grossen,1
wikinews online,1
wikinews offene,1
times deutschland,1
titel news,1
titel nsverbrecher,1
u a,1
wikinews konnte,1
tobias weidemann,1
toc c,1
toiminnot tuoreet,1
toolserverprojekte catscan,1
wikinews links,1
wikinews laedt,1
tr ana,1
traditional news,1
trage grund,1
tragen trage,1
travemuende ostsee,1
trends 2006,1
treue leserschaft,1
title wiki,1
tritt readers,1
tron berlin,1
tron erwirkt,1
tropensturm philippinischen,1
truebe aussicht,1
tuerkei 0,1
tun konsequenzen,1
tuoreet muutokset,1
tutoren diskussionsseite,1
tutoren ueberdenken,1
tv flickr,1
typo titel,1
titus arnu,1
title substr,1
titel oberstes,1
titel virtuelle,1
titel onlineenzyklopaedie,1
titel ozeanien,1
titel politik,1
titel press,1
titel problemartikel,1
titel recht,1
titel reisenachrichten,1
titel sport,1
titel suedamerika,1
titel telefone,1
wikinews löschregeln,1
titel umwelt,1
titel vorstellung,1
title lastindexof,1
titel wahl,1
titel weblogs,1
titel wikinews,1
titel wikinewsdilemma,1
wikinews löschkandidaten,1
wikinews löschkandidat,1
titel wirtschaft,1
titel wissenschaft,1
titel zeitung,1
titel »nutzer,1
wikinews lokalnachrichten,1
titels beruecksichtigen,1
verbot patenten,1
wikinews fuer,1
verbreiten öffentlich,1
wazgruppe verabschiedete,1
wahl allg,1
wahl fuer,1
wahl netzanbieter,1
wahl passen,1
wikinews beides,1
wahl titels,1
wahrsageforum benutzer,1
wanhoff wikinews,1
wann immer,1
warum eigentlich,1
wikinews banner,1
wikinews artikelchronik,1
web information,1
waere allerdings,1
weblogs wikis,1
weblogs zeichnet,1
webseite derzeit,1
website wikinews,1
wech ente,1
wegen chinesischen,1
wegen fehlanlegung,1
wikinews akkreditierung,1
wikinews aehnlich,1
wegen mangelnder,1
wikinews ableger,1
wegen pov,1
wikinews beispiellosen,1
waehrend wissenschaftler,1
wegen schwere,1
w gemeinfreiheit,1
vorsitzenden ausschuesse,1
vorstellung gewinnen,1
voy nachrichten,1
w aktenzeichen,1
w anfuehrungszeichen,1
w argentinien,1
w asperg,1
w bhopal,1
w bundesnetzagentur,1
wikinews besonders,1
w deutschen,1
w dow,1
w halbgeviertstrich,1
waehle namen,1
w josef,1
w kommunikationsguerilla,1
w liste,1
w schutzstaffel,1
w spezial,1
w the,1
w viktor,1
wikinews benutzersperrung,1
w wikimedia,1
w wikipedia,1
wachsen deutlich,1
waechst rasant,1
wegen schreibfehlers,1
weidemann unabhaengiger,1
vorschlaege bitte,1
wikibooks ·,1
wettbewerb wikinews,1
whatlinkshere 1,1
whatlinkshere 2,1
wichtig alleine,1
wichtig erachtet,1
wichtigste thema,1
wikimediapresseteam mailto,1
widerstreitende berichte,1
wikimedia projekte,1
wikimedia news,1
width 100,1
wikimacher starten,1
width 25,1
werkzeug spezial,1
width 35,1
wikibooks org,1
width 65,1
wiener zeitung,1
wiesbadener kurier,1
wiki dd,1
wiki deaktiviert,1
wiki erobert,1
wiki hauptseite,1
wiki news,1
wikibooks kollaborativen,1
wikiblogflickrfurl icio,1
wertungen seufz,1
werke verboten,1
weite einheitlichkeit,1
wikinews 5,1
weitere fragen,1
wikinews 9,1
weitere spezielle,1
weitere statistiken,1
weitere unmittelbaren,1
weitere unterzeichnungen,1
weiterhelfen mfg,1
wikinews 8,1
weiterhin ausnahme,1
wikinews 6,1
weiterleitungen kurze,1
weitervererben tausende,1
welt 2004,1
werbetexte wikinews,1
welt gerti,1
welt veraendern,1
wenig alter,1
wenig aufmerksamkeit,1
wenig tagesgeschehen,1
wenig ueberraschenden,1
wikinews 4,1
wikinews 3,1
wikinews 100,1
wer ideen,1
wer irgendein,1
wer streitet,1
vorschlagen newsmedlungen,1
vorlagen artikelkategorisierung,1
verbreitung muessen,1
verschoben kategorie,1
verlinkung wikipedia,1
vermehrt analyse,1
vermischtes herauslöst,1
verpflichtet fuer,1
wikinews exklusiv,1
verschaerfter form,1
verschieben umzubenennen,1
verschiebung alter,1
verschiedenen jahre,1
verschiedenen personalien,1
verschoben dabei,1
verschoben irref,1
versehentlich angelegt,1
wikinews farbtabelle,1
versichere hiermit,1
versionen mitverschoben,1
wikinews ententeich,1
versionen permanent,1
verstorben 2004,1
verstorbene persönlichkeiten,1
verstorbenen hackers,1
versucht wikinews,1
verteidigung obleute,1
wikinews entenplatz,1
vertreter deutschsprachigen,1
vertrieb beiden,1
verletzt willige,1
verlauten wuerden,1
vervielfaeltigen verbreiten,1
verfuegung wurde,1
vereinbarung zuschreibung,1
vereinfachte verfahren,1
vereinheitlichung kategorien,1
vereinigten königreichs,1
vereinigtes königreich,1
verfahren reicht,1
wikinews freitag,1
verfasst bzw,1
verfasst fremdsprachige,1
verfuegung artikel,1
wikinews freien,1
verfuegung wikimedia,1
vergangenen anlaessen,1
verlassen telefonieren,1
vergangenen samstag,1
vergleich fuer,1
vergleich svg,1
vergleichbare seiten,1
verhindern übereinstimmung,1
verjaehrt de,1
wikinews freie,1
wikinews founder,1
verkuerzen gleich,1
verlaengern verkuerzen,1
verlangen gilt,1
verlangt neuwahlen,1
verurteilte ehemalige,1
verwaiste seite,1
vorlage wikinews,1
wikinews chat,1
view asp,1
wikinews demnaechst,1
virtuelle gartenzaun,1
voices wikinews,1
volksrepublik china,1
volle name,1
vollstaendige liste,1
vollstreckungsschutz heisst,1
wikinews datei,1
wikinews dadurch,1
voreingestellt schnurlosen,1
wikinews chronik,1
vorerst vertrieb,1
viele mens,1
vorhaben taetigkeiten,1
vorhanden siehe,1
vorher bilder,1
vorherige –,1
vorlage benutzer,1
vorlage benutzername,1
wikinews buerger,1
wikinews brauche,1
wikinews bitten,1
vorlage kontinentleiste,1
vorlage originaere,1
vorlage quellenlos,1
vielen themen,1
viele grundlegende,1
verwaiste seiten,1
verwendete quellen,1
verwaltung lizenzbestimmungen,1
verweist benutzer,1
verwende aktive,1
verwende neuen,1
verwenden anhalten,1
verwenden mfg,1
verwenden weitere,1
verwendet insbesondere,1
verwendet projektseite,1
verwendet sollen,1
verwendet sollten,1
verwendete aktenzeichen,1
verwendeten fotos,1
videos audiodateien,1
verzichten allgemeinen,1
verzug aufschub,1
wikinews edit,1
wikinews deutscher,1
veröffentlichen fuer,1
veröffentlicht dioxinskandal,1
veröffentlicht jahresbericht,1
veröffentlichte artikel,1
wikinews deutsche,1
veröffentlichung gelöscht,1
wikinews deutsch,1
veröffentlichung hilfe,1
the movie,1
wikinews quellenverzeichnis,1
the dow,1
seit 2001,1
sd مُک,1
search document,1
wikipedia wegen,1
wikipedia veröffentlicht,1
wikipedia verarbeiten,1
sechs flugunfaellen,1
wikipedia startet,1
see mediawiki,1
wikipedia sollten,1
seht truebe,1
sei direkter,1
sei mutig,1
seit 2004,1
wikipedia wichtig,1
seit dezember,1
seit heute,1
seit jahren,1
seit monaten,1
wikipedia org,1
seitdem 43,1
seite 1,1
seite aktuell,1
seite durchschnitt,1
seite eventuell,1
seite gelöscht,1
seite gestellt,1
sd special,1
wikipedia wissenschaft,1
seite kategorie,1
schwammberger starb,1
schreiben sei,1
schreiben verschoben,1
schreibfehlers stelle,1
schreibt selebt,1
schreibt wirklich,1
schritte erste,1
schritte zweite,1
wikipedianern ueberlassen,1
schutzstaffel ss,1
wikipediaeintrag aktuellen,1
schwammberger josef,1
schwammberger sass,1
schwammberger tot,1
scontent html,1
schweiz deutschland,1
schweiz gelöscht,1
schweizer armee,1
wikipedia …,1
schwere bombenanschlagsserie,1
schwesterprojekte seite,1
schwesterprojekte wachsen,1
schwesterprojekte wikinews,1
wikipedia –,1
schwindler herein,1
wikipedia ·,1
schön vollzeitphilantrop,1
seite kannst,1
seite mehr,1
schreibe artikel,1
sinus 711,1
siehe benutzer,1
wikipedia konvergenz,1
wikipedia konnte,1
wikipedia ja,1
siehe hilfe,1
wikipedia heisst,1
siehe seite,1
wikipedia heise,1
silicon de,1
silvester strand,1
sinken seit,1
sinnvoll quelle,1
sinus 722,1
siehe anmerkung,1
siste endringer,1
sisterlinks category,1
sitzt schwindel,1
slashdot digg,1
sofern technisch,1
wikipedia grösste,1
sofort rund,1
sofort wikipedia,1
software welt,1
sohnes artikel,1
soldaten spaeter,1
sollen erstellt,1
siehe artikelschmiede,1
siechen seit,1
seite microsoft,1
selber schreiben,1
seite presseberichte,1
seite werkzeug,1
seite zeigen,1
seiten gesamt,1
seiten gibt,1
seiten neu,1
seiten verwaist,1
seiten wikinewsmeldung,1
seiten wikinewsnamensraum,1
wikipedia meilensteine,1
seitenbearbeitungen seit,1
selber datiert,1
selebt spekulativ,1
sieben tagen,1
senaste aendringar,1
wikipedia mehr,1
sender channel,1
sender getaeuscht,1
sep 2008,1
wikipedia macht,1
server localurl,1
setup onload,1
sic aehnlichen,1
sic zitatsammlung,1
wikipedia laesst,1
sicher links,1
schreiben readers,1
schreib news,1
sollen gebilde,1
window onload,1
ro special,1
wireservice wired,1
roland kissling,1
rotgruenen koalition,1
rponline de,1
wired com,1
ru заглавная,1
ru служебная,1
rueckt nummer,1
rueckwaertssuche interessierte,1
rufnummer namen,1
ruhrgebiet gelöscht,1
rund 6,1
ringmaterial gelöscht,1
rund fuenftel,1
rund vorlage,1
rundfunk zuendfunk,1
rundschau buergerjournalismus,1
s 22,1
s a,1
s d,1
s spezial,1
willkommen willkommen,1
sack reis,1
sagen mitarbeiter,1
willige wikinews,1
ro pagina,1
right 60px,1
samstag besiegten,1
reis umgefallen,1
regierung fraktionsvorsitzenden,1
regierung kleine,1
regierungskandidat liessen,1
regionalen militaerstrukturen,1
regionaler autor,1
regionalkategorien bereinigung,1
wissenschaft bereinigung,1
regionalkategorien wikinews,1
regulierungsbehörde fuer,1
reicht regierung,1
reine internetzeitungen,1
reine panicmache,1
reisenachrichten titel,1
wirf hirn,1
renommiertester unternehmer,1
wirtschaft titel,1
wirtschaft deutschland,1
wirklich rede,1
replacement for,1
rettungsmissionen geheim,1
wiki veröffentlichen,1
wirklich ausgereift,1
richten presseanfragen,1
richtige richtung,1
richtigen erwischen,1
richtung lassen,1
wiktor juschtschenko,1
sass mannheim,1
schon unterkategorien,1
schlage kategorie,1
schindler kuturticker,1
schindler mafiaverdaechtiger,1
wikis freie,1
schindler newstickerkultur,1
schindler newstickerpolitik,1
schindler notebook,1
schindler orange,1
schindler ruhrgebiet,1
wikiquote wiktionary,1
schindler tonline,1
schindler tropensturm,1
wikiqoute org,1
schlecht praesidentschaftswahlen,1
schindler kommentar,1
schlecht streit,1
schliesst wikipedia,1
schneller beschliessen,1
schnelllöschantrag nachricht,1
schnelllöschkandidat schnelllöschkandidaten,1
schnelllöschkandidaten ·,1
wikipedias schwaeche,1
schnurlosen geraete,1
wikipediaprojekt wikinews,1
schon besser,1
schon laenger,1
schon seite,1
wikis weblogs,1
schindler josef,1
satz beispiel,1
wiktionary fristen,1
schade naeheres,1
schaffen menschen,1
wiktionary ·,1
schattendasein oeffentlichkeit,1
scheint finte,1
scheint n24artikel,1
scheiterten zugriffszahlen,1
schere scherenaehnlichen,1
scherenaehnlichen hand,1
scherz wikipedia,1
schicken wikinewscommunity,1
schimbări recente,1
wikt spezial,1
schindler ismo,1
schindler bill,1
schindler bischof,1
schindler chemienobelpreis,1
schindler deutsche,1
wikizprávy hlavní,1
wikiversum geht,1
wikispecies ·,1
wikispecies special,1
schindler festtelekomvorwahltelefon,1
wikisource ·,1
wikisource org,1
wikis –,1
sollen etc,1
sollen stellen,1
the 11,1
suedamerikanisches militaerwesen,1
sturmtief ueber,1
stuttgart verurteilte,1
submit 0,1
substr 0,1
suchabfragen ueber,1
suche bestimmten,1
suche vermissen,1
suchen verweist,1
suchfunktion beruecksichtigung,1
sudan 13,1
suedamerika 4,1
suedamerika titel,1
sueddeutsche zeitung,1
strona główna,1
wikinews verwendeten,1
suite101 de,1
summiert zahl,1
suppresserrors true,1
sv special,1
svg 150px,1
svg 25px,1
wikinews verwaltung,1
svg right,1
svg x30px,1
switch expr,1
symlink ch,1
stunden bbcworldinterview,1
streitkraefte vereinigten,1
ta சிறப்பு,1
strand gelöscht,1
stehenden inhalte,1
stelle hinweis,1
stelle meilensteine,1
wikinews wikinewsmitarbeiter,1
stelle sicher,1
stellen artikeln,1
stellen fuer,1
stellt problem,1
stern de,1
stimmen gemaess,1
stimmen rotgruenen,1
strahlung wiederhergestellt,1
streben freie,1
streitkraefte tuerkei,1
streicht 2300,1
streit haushaltsreform,1
streit reformplaene,1
streitet reformplaene,1
wikinews wahrsageforum,1
streitkraefte belgien,1
streitkraefte europa,1
streitkraefte kategorien,1
streitkraefte kontinent,1
streitkraefte moldawien,1
streitkraefte nordamerika,1
streitkraefte suedamerika,1
wikinews tutoren,1
ta முதற்,1
stehen hilfeseiten,1
test bestanden,1
telefone eingebauter,1
telefone sinus,1
wikinews start,1
wikinews sprechen,1
telekom bereits,1
wikinews spielwiese,1
wikinews seiten,1
telekomvorwahl verboten,1
wikinews schreibe,1
telepolis alfred,1
telepolis tp,1
terminangabe wer,1
test document,1
wikinews starten,1
test gelöscht,1
wikinews schnelllöschkandidat,1
test test,1
text verlaengern,1
texte stehen,1
texte wikinews,1
textportal suite101,1
wikinews reine,1
wikinews regionaler,1
th พิเศษ,1
th หน้าหลัก,1
wikinews reagiert,1
telefon mobilfu,1
teil weitervererben,1
taeglich landen,1
tagesgeschehen abzudecken,1
taetigkeiten wikinews,1
taeuschung entpuppen,1
taeuschung identifiziert,1
wikinews these,1
wikinews svg,1
tag monaten,1
tag sechs,1
tagblatt online,1
tage readers,1
tagen fraktion,1
tages datei,1
tagesaktuellen beitraegen,1
wikinews streben,1
teil portals,1
tageshoch 1,1
tageszeitung medienticker,1
tatsaechlich geschehen,1
tatsaechlichen fakten,1
tausende erblindeten,1
tausende feiern,1
tausende freiwilligen,1
taz bericht,1
tecchannel de,1
technisch möglich,1
teil 2,1
teil geringere,1
stehen vorhaben,1
stehen ccbylizenz,1
wikipedia gibt,1
wikipedia ableger,1
special schimbări,1
special senaste,1
speciale ultimemodifiche,1
wikipedia anpacken,1
speciális friss,1
speciální recentchanges,1
specjalna ostatnie,1
spekulativ ernst,1
spenden gelöscht,1
spenden wiederhergestellt,1
sperrung sei,1
spesial siste,1
wikipedia 1,1
special modifications,1
spezial log,1
spezial neue,1
spezial schalter,1
spezial verwaiste,1
wikinewsnamensraum gelöscht,1
spezielle hilfeseiten,1
spiegel beschuss,1
spiegel de,1
spiegel journalismus,1
wikinewsmitarbeiter diskutieren,1
wikinewsmeldung jedoch,1
spinoffprojekt deutschen,1
wikipedia bekommt,1
special ipblocklist,1
sport titel,1
sortiert datum,1
sollten fuer,1
sollten lieber,1
wikipedia fuer,1
wikipedia experimentiert,1
sollten zuvor,1
somerightsreserved png,1
somit möglich,1
kategorie software,1
sonicr laender,1
sonne niemals,1
sonstiges pressemitteilung,1
sortieren davon,1
sowas w,1
spanien gelöscht,1
soweit aufgeweicht,1
soweit gut,1
sowie de,1
wikipedia berichtet,1
sowie w,1
soziales bereinigung,1
soziales gelöscht,1
soziales titel,1
sozialethik individualethik,1
spaeter gab,1
spaeter zurueckholen,1
spaetestens 26,1
spitzname unterschreiben,1
sprachausgabe gelöscht,1
steckenbleibt wikinews,1
standard online,1
wikinewsautoren stimmen,1
stadtwiki orientiert…,1
wikinewsakkreditierten benutzern,1
stadtwikis immer,1
staendigen ausschuss,1
staerkste tag,1
wikinewsakkreditierten benutzer,1
wikinews ziel,1
stagn orientieren,1
stagnliste nennt,1
stand gehalten,1
wikinews www,1
standpunktes gebietet,1
staats verfassungsrecht,1
starb alter,1
starben 1,1
start gehen,1
wikinews willkommen,1
starten deutschland,1
starten newsseite,1
startet newsportal,1
statements abgaben,1
wikinews wikiquote,1
statt jahresbericht,1
stattdessen neue,1
stattgabe antrags,1
staatsbuergerschaft ungarn,1
staatenlisten auswaertigen,1
sprache online,1
wikinewscommunity bearbeiteter,1
sprache verfasst,1
sprachen kommen,1
sprachen kommt,1
sprachen sprachen,1
sprechen 30,1
sprecher dow,1
wikinewsler gelöscht,1
sprengstoff faznet,1
spriessen beispielsweise,1
sr главна,1
sr посебно,1
wikinewsdel mailingliste,1
ss lagerkommandant,1
staaten zusammenhang,1
sslagerkommandant schwammberger,1
ssoberscharfuehrer schwammberger,1
st galler,1
wikinewscanadalogo bgcrop,1
staat einzustufen,1
staat genau,1
staat politik,1
wikinewsbreakingnews2 svg,1
staaten denen,1
staaten erde,1
staaten liste,1
staaten wikipedia,1
0 3672,1
inland gelöscht,1
kategorie praesidentschaftswahl,1
ausgebildete kraefte,1
aufschub dulden,1
aufzufuehren bearbeitungen,1
aufzulösen stattdessen,1
auptseite test,1
auseinandersetzungen ueber,1
ausfaellt jemand,1
ausfuehrliche automatisierte,1
ausgab zeitpunkt,1
ausgabe 04,1
ausgabe 25,1
ausgabe freien,1
ausgabe onlineenzyklopaedie,1
ausgabe wikinews,1
ausgabe wikipedias,1
ausgeliefert worden,1
aussicht niederschlagsfrei,1
ausgesetzt leiden,1
ausland gegeben,1
ausland gelöscht,1
ausland konkretisiert,1
ausland oesterreich,1
ausland –,1
ausnahme bilden,1
ausnahme fuer,1
ausschuesse fuer,1
ausschuessen informiert,1
ausschuss geographische,1
aussenpolitik kategorie,1
ausserdem gibt,1
ausserdem muessen,1
aufmerksamkeit anzahl,1
aufmacher ·,1
aufmacher vorlage,1
aufmacher schalter,1
artikeln 23,1
artikeln aufgefuellt,1
artikeln neue,1
artikeln politik,1
artikeln schwesterprojekte,1
artikeln sortiert,1
artikeln wikinews,1
artikelnamensraum suchen,1
artikelstatus aktuell,1
artikelstatus einspruch,1
artikeltexte datum,1
artikelzahl per,1
arts besserung,1
asiatisches militaerwesen,1
asien titel,1
asp id,1
asperg deutschland,1
asperg hohenasperg,1
at roland,1
atpl ecommon,1
audiodateien inhalte,1
aufbau kategorie,1
aufgefuellt denen,1
aufgelistet wurden,1
aufgetreten namen,1
aufgeweicht wurde,1
auflistung benutzerblockaden,1
auflistung stellen,1
aufmacher hauptseite,1
ausserdem regierung,1
ausstrahlung bbcberichts,1
beihilfe mord,1
befuerchtet reader,1
bbcworldinterview angeblichen,1
beachten kopieren,1
beantwortet muessen,1
bearbeiten ·,1
bearbeiteter form,1
bearbeitungen anzufertigen,1
bearbeitungen pro,1
bedarf weitere,1
bedeutung beteilige,1
bedingungen eingehalten,1
bedingungen fuer,1
befanden veröffentlichung,1
befinden enstehen,1
befindet jeweiligen,1
begin enable,1
auswaertigen amt,1
begin hauptseitentitel,1
begin import,1
beginn asperg,1
beginn berlin,1
beginn bonn,1
beginn kiew,1
beginn london,1
begrub holtzbrinckverlag,1
begruendung stattgabe,1
behandeln betrifft,1
behandeln mfg,1
beide projekte,1
beiden ausschuessen,1
beiden telefone,1
bbcworld com,1
bbcberichts brach,1
bbc sitzt,1
bbc hereingefallen,1
auswaertiges amt‬,1
auswaertiges verteidigung,1
automatisch weiterleitung,1
automatisierte auflistung,1
automatisierte statistiken,1
autor benutzer,1
autor en,1
autor laendern,1
autor schreibt,1
autor –,1
autors bzw,1
autors politikdigital,1
b i,1
b spezial,1
b wegen,1
bank streicht,1
banner 5,1
banner funktionierenden,1
barbara wirf,1
bare muenze,1
bauchnabel fuer,1
bauernhöfe niedersachsen,1
baurecht‬ passen,1
baut bot,1
bauwesen bereinigung,1
bauwewsen duerften,1
bayerischer rundfunk,1
bbc erklaert,1
bbc fiel,1
artikelkategorisierungen ueberpruefen,1
artikelkategorisierung substituieren,1
artikelchronik chronik,1
angabe ersetzt,1
altpapier dienstag,1
amateure kommen,1
amsel 14,1
amsel amsel,1
amt staendigen,1
amtsgericht charlottenburg,1
amtsgericht schliesst,1
amt‬ passen,1
ana sayfa,1
analyse phaenomens,1
andy bichlbaum,1
anerkennung behandeln,1
anfuehrungszeichen anfuehrungszeichen,1
anfuehrungszeichen sowie,1
angaben zufolge,1
artikel wurde,1
angeblichen sprecher,1
angeboten wahl,1
angegebenen bestimmung,1
angekuendigt meldung,1
angelegt alter,1
angemeldete benutzer,1
angepasst mfg,1
angestellten gelöscht,1
angestellter dow,1
anhaenger juschtschenkos,1
anklage lautete,1
ankuendigung nachrichtenteil,1
anlaessen gruppe,1
anlegen erklaert,1
alternativer medienpreis,1
alternative nachrichtenquelle,1
alter titel,1
alter artikel,1
aktuelle artikel,1
aktuelle artikelzahl,1
aktuelle lottozahlen,1
aktuellen ereignisse,1
aktuellen news,1
aktuellen stand,1
aktuellen sturmtief,1
aktuelles geschehen,1
aleber 18,1
aleber aleber,1
alfred krueger,1
align center,1
alleine wikipedianern,1
alleinige quelle,1
allerdings einfuehrung,1
allerdings tagesaktuellen,1
allgemeine nachrichten,1
allgemeinen teil,1
allpages 1,1
allpages 3,1
allpages 4,1
allpages 5,1
alt gelöscht,1
alte hauptseite,1
alte seite,1
alten artikeln,1
alten neuen,1
alten titel,1
alter 92,1
anlegen kannst,1
anlegen namensvorschlaege,1
anmerkung googlenews,1
artikel 19,1
artikel angepasst,1
artikel anlegen,1
artikel archiv,1
artikel besonders,1
artikel bezieht,1
artikel bundesverfassungsgericht,1
artikel datei,1
artikel ebenfalls,1
artikel entsprechend,1
artikel fertig,1
artikel finden,1
artikel hauptakteur,1
artikel hinzufuegen,1
artikel ifeq,1
artikel irgendwann,1
artikel localmonthname,1
artikel melden,1
artikel mitmachen,1
artikel neue,1
artikel oberkategorie,1
artikel schreiben,1
artikel selber,1
artikel sonderzeichen,1
artikel tages,1
artikel ueberwiegend,1
artikel vergleichbare,1
artikel verschieben,1
artikel verwenden,1
artikel wikipedia,1
artikel 2,1
artikel 18,1
anmerkung pcmagazin,1
arten dateien,1
anmerkung unten,1
anmerkung zuschreibung,1
announcement bhopal,1
anpacken möchte,1
anpassen gruss,1
anschrift telefon,1
antarktika titel,1
antrags vollstreckungsschutz,1
anzahl mitstreiter,1
anzahl unterkategorien,1
anzufertigen inhalte,1
anzuraten waere,1
aonloadfunctions aonloadfunctions,1
aonloadfunctions i,1
aonloadfunctions new,1
apple erschienen,1
apple veröffentlicht,1
april 2005,1
ar الصفحة,1
ar خاص,1
arbeiten offenen,1
arbeitet community,1
archiv veröffentlichte,1
archivseiten zusammenlegen,1
argentinien argentinien,1
argentinien ausgeliefert,1
armee 0,1
arnu buerger,1
art gibt,1
beides portale,1
beim bundesverfassungsgericht,1
com hauptsaechlich,1
bombenanschlagsserie reine,1
blaite 20,1
blaite 23,1
blaite china,1
blaite diskussion,1
blaite nutzerstatistik,1
blaite travemuende,1
blick focus,1
blick taeuschung,1
blogger beizustellen,1
blogs bauchnabel,1
blogs handys,1
bochum platzte,1
bombe hamburger,1
bombenanschlagsserie eta,1
bonn deutschland,1
buergern volksrepublik,1
bot benötigt,1
bot fuer,1
bots 2,1
brach aktienkurs,1
brauchen farbtabellen,1
britischen sender,1
brummermann 10,1
brummermann 21,1
bs posebno,1
bs početna,1
buechern deren,1
buerger journalist,1
buerger lokal,1
buergerjournalismus entwickelt,1
blaite 19,1
blaite 12,1
blaite 05,1
bitten administratoren,1
bildbeschreibungsseite regel,1
bilden einsaetze,1
bilden könnten,1
bilder befanden,1
bildrechte dateien,1
bildung integriert,1
bildung wissenschaft,1
bildungssystem gelöscht,1
bill gates,1
biofilme gelöscht,1
bischof byitkyina,1
bisher ableger,1
bisher staerkste,1
bisher suche,1
bisher wenig,1
bislang erst,1
bitte bestaetigen,1
bitte diskutieren,1
bitte doppelten,1
bitte einfach,1
bitte gib,1
bitte kennzeichnen,1
bitte löschen,1
bitte möglichst,1
bitte pressestammtisch,1
bitte richten,1
bitte trage,1
bitte verwende,1
bitte waehle,1
buergerjournalisten könnten,1
bug blog,1
beim einsatz,1
chemical co,1
category veröffentlicht,1
category wikinews,1
categorytree gehen,1
catscan categorytree,1
cc somerightsreserved,1
ccby svg,1
cellpadding 3,1
cellspacing 3,1
center border,1
ch wikipedia,1
charlottenburg erlaesst,1
chat chat,1
chat ·,1
chemical 3,1
chemical dow,1
buhlen mehrere,1
chemical erklaerte,1
chemical sei,1
chemienobelpreis fuer,1
china abrufbar,1
china sack,1
chinesische ausgabe,1
chinesischen internetzensur,1
chinesischer sprache,1
chrgermany benutzer,1
chrgermany chrgermany,1
chrgermany diskussion,1
chronik ·,1
chronischen unheilbaren,1
citizen journalism,1
category mass,1
category hilfeseite,1
category artikelstatus,1
canvis recents,1
bundesnetzagentur fuer,1
bundesregierung verpflichtet,1
bundestag 3,1
bundestages beim,1
bundestages einzuholen,1
bundesverfassungsgericht bundesverfassungsgericht,1
bundesverfassungsgericht bundesverfassungsgerichts,1
bundesverfassungsgericht thema,1
bundesverfassungsgericht unterscheiden,1
bundesverfassungsgericht verzichten,1
bundesverfassungsgericht weiterhelfen,1
bundesverfassungsgerichts 12,1
bundesverfassungsgerichts w,1
bundesverfassungsgerichtsurteil –,1
bundeswehr ausland,1
burdaverlag gehörende,1
bverfg listen,1
bverfge90 286,1
byitkyina ernannt,1
bzw fremden,1
bzw rechteinhabers,1
börsenindizes datei,1
böser scherz,1
c wikinews,1
ca especial,1
ca portada,1
callbycallvorwahl fest,1
cambl gelöscht,1
cambls kleine,1
bildbeschreibungsseite finden,1
bild wikinewsbreakingnews2,1
bild wiki,1
benötigt dplisten,1
benutzer kommissario,1
benutzer lars,1
benutzer naechster,1
benutzer sonicr,1
benutzer soweit,1
benutzer sprachen,1
benutzer wikinews,1
benutzer ·,1
benutzerblockaden finden,1
benutzerkonto entsperren,1
benutzern verwendet,1
benutzername parameter,1
benutzersperrung leitlinien,1
benutzt editorial,1
benötigt sinnvoll,1
bild weiterentwickeln,1
benötigt z,1
bereinigung laeuft,1
bereinigung regionalkategorien,1
bereits 18,1
bereits 19,1
bereits artikel,1
bereits eigene,1
bereits gerne,1
bereits pressestammtisch,1
bereits vergangenen,1
bericht gebursta,1
bericht ueber,1
berichte erst,1
berichte ueber,1
benutzer fa,1
benutzer eloquence,1
benutzer dresden,1
benutzer diskussion,1
beispiel erste,1
beispielartikel musterartikel,1
beispiellosen erfolg,1
beispielsweise wikis,1
beitraege 5,1
beitraegen stellt,1
beitrag mitgliedszeitschrift,1
beitrag ueber,1
beitrag verfasst,1
beizustellen zudem,1
beizutragen bearbeiten,1
beizutragen sei,1
bekannt mehr,1
bekommt mfg,1
bekommt schwesterprojekte,1
belege neutral,1
belgien 0,1
benutze formular,1
benutze gegebenenfalls,1
benutzer 3,1
benutzer aleber,1
benutzer alleinige,1
benutzer amsel,1
benutzer benutzer,1
benutzer beyer,1
benutzer chrgermany,1
benutzer conny,1
benutzer cyper,1
benutzer dion,1
berichten ueber,1
berichterstattung arbeitet,1
berichterstattung wikinews,1
betrieb wikipedia,1
bewusst übereinstimmung,1
beyer 19,1
beyer daniel,1
bezahlte blogger,1
bezahlung hobbyschreiber,1
bezeichnet sollen,1
bezieht en,1
bezieht stadtwikis,1
bezuege wikipedia,1
bg начална,1
bg специални,1
bgcrop svg,1
bhopal 20,1
bhopal bbc,1
bhopal bhopal,1
bhopal namen,1
bhopalentschaedigung bbc,1
bhopalopfer falschmeldung,1
bibliothek einfach,1
bichlbaum erklaerung,1
bietet web,1
bild aelteren,1
bild cc,1
bild ccby,1
bild commonslogo,1
bild erreicht,1
bild jeweils,1
bild mathiasschindler,1
bild sollen,1
betrifft insbesondere,1
betrieb gesetzt,1
berichterstattung wurde,1
betrieb amtsgericht,1
berichtet darueber,1
berichtet grund,1
berichtigte spaeter,1
berlin deutschland,1
berlin wikinews,1
berlin wuenschten,1
berlusconipartei italien,1
beruecksichtigung datums,1
beschliessen weiterhin,1
beschloss deutsche,1
beschuss gelöscht,1
besiegten norwegischen,1
besonderer bedeutung,1
besonders lesenswert,1
besonders lesenswerter,1
besorgt leser,1
besser computerhersteller,1
besser headline,1
besser oppositionsfuehrer,1
besser streit,1
besserung gegenueber,1
bestaetigen absicht,1
besten artikel,1
bestimmten artikeln,1
bestimmung gelten,1
bestimmungen festgelegt,1
betaversion wikinews,1
beteiligen artikel,1
beteiligen siehe,1
aktuell topmeldung,1
aktuell mitmachen,1
aktuell benutzer,1
15 11,1
13 51,1
13 juli,1
14 07,1
14 12,1
14 24,1
14 3,1
14 30,1
14 41,1
14 58,1
14 sep,1
15 01,1
15 06,1
15 07,1
15 08,1
15 16,1
17 09,1
15 39,1
15 42,1
15 43,1
15 juli,1
150px rechts,1
15dc2c portalname,1
16 02,1
16 11,1
16 20,1
16 23,1
16 4,1
16 59,1
16 8,1
17 01,1
13 46,1
13 45,1
13 35,1
13 16,1
12 februar,1
12 financial,1
12 heise,1
12 juli,1
12 kressreport,1
12 linuxmagazin,1
12 maer,1
12 medienrauschen,1
12 netzeitung,1
12 neues,1
12 no,1
12 okt,1
12 psychoglobal,1
12 publizistik,1
12 september,1
12 silicon,1
12 spiegel,1
12 sueddeutsche,1
12 symlink,1
12 tageszeitung,1
12 trends,1
12 unblogbar,1
12 wanhoff,1
12 welt,1
12 wikinews,1
13 04,1
13 06,1
13 08,1
13 09,1
17 07,1
17 33,1
aktualisiert erweitert,1
20 000,1
19123 1,1
1987 w,1
1992 landgericht,1
1994 bverfge90,1
1999 verstorbenen,1
2 000,1
2 116,1
2 12,1
2 681,1
2 angemeldete,1
2 links,1
2 mesz,1
2 prozent,1
2 verschoben,1
20 000ste,1
17 7,1
20 04,1
20 08,1
20 16,1
20 20,1
20 27,1
20 34,1
20 4,1
20 51,1
20 52,1
20 8,1
20 jahren,1
20 jahrestag,1
2001 versucht,1
2004 13,1
1900828 buerger,1
19 sprachen,1
19 artikeln,1
19 8,1
18 01,1
18 07,1
18 10,1
18 15,1
18 16,1
18 18928,1
18 30,1
18 35,1
18 44,1
18 54,1
18 57,1
18 58,1
18 7,1
18 mai,1
1814s 37,1
1881152 deutsche,1
18928 1,1
19 00,1
19 05,1
19 18,1
19 19,1
19 19123,1
19 39,1
19 4,1
19 40,1
19 55,1
19 56,1
19 58,1
19 6,1
12 computerwelt,1
12 bayerischer,1
12 3,1
04 gelöscht,1
02 11,1
02 3,1
02 8,1
03 01,1
03 03,1
03 11,1
03 49,1
03 5,1
04 08,1
04 12,1
04 2005,1
04 2006,1
04 2011,1
04 50,1
05 06,1
12 27,1
05 10,1
05 12,1
05 2006,1
05 35,1
05 36,1
05 37,1
05 4,1
05 heise,1
05 onlinejournalismus,1
05 paulvorbach,1
05 st,1
06 16,1
06 4,1
06 dezember,1
01a6f3 portalname,1
01 indiziert,1
01 40,1
01 23,1
0 i,1
00 07,1
00 14,1
00 18,1
00 22,1
00 31,1
00 32,1
00 4,1
00 40,1
00 44,1
00 49,1
00 5,1
00 52,1
00 html,1
000 angemeldete,1
000 artikeln,1
000 bauernhöfe,1
000 französische,1
000 meldung,1
000 menschen,1
000 personen,1
000 weitere,1
003492 portalname,1
005 artikel,1
006 portalname,1
01 00,1
01 2004,1
01 2005,1
01 2011,1
06 poynter,1
060 portalname,1
07 06,1
10 000ste,1
10 05,1
10 07,1
10 08,1
10 09,1
10 10,1
10 2006,1
10 2008,1
10 8,1
10 psychoglobal,1
10 spiegel,1
100 verschiedenen,1
11 05,1
11 2011,1
11 26,1
11 3,1
11 40,1
11 5,1
11 6,1
11 hannoversche,1
11 kategorie,1
11 layers,1
11 wikinews,1
116 angemeldete,1
12 04,1
12 07,1
12 12,1
12 17,1
12 19,1
12 20,1
10 03,1
10 000,1
07 18,1
10 0,1
07 19,1
07 2005,1
07 heise,1
07 standard,1
08 05,1
08 07,1
08 08,1
08 3,1
08 38,1
08 august,1
08 e197429c5610645cab70619d096d35bc5,1
08 editorsweblog,1
08 zdf,1
09 2005,1
09 2007,1
09 4,1
09 6,1
1 323,1
1 346,1
1 600,1
1 650,1
1 alte,1
1 benutzer,1
1 bots,1
1 document,1
1 kopiert,1
1 mez,1
1 urv,1
1 wurde,1
2004 19,1
2004 4,1
2004 ehemalige,1
636 000,1
56 7,1
58 3,1
58 4,1
58 6,1
59 5,1
59 6,1
59 uhr,1
59380 blogs,1
597 kategorien,1
5b92e5 portalname,1
6 12,1
6 nov,1
600 menschen,1
60px link,1
650 artikel,1
40 faellen,1
681 artikel,1
711 net,1
722 net,1
770 portalname,1
7tagelöschregelung meinungsbild,1
8 maer,1
81 d8,1
83126 the,1
84 db,1
87 d9,1
873f0e portalname,1
9 597,1
900 portalname,1
903 portalname,1
555 000,1
55 6,1
55 4,1
54 6,1
40px center,1
40px wikimedia,1
41 12,1
41 5,1
42 10,1
43 10,1
43 einsatzentscheidungen,1
44 3,1
44 8,1
45 4,1
49 3,1
49 5,1
49 8,1
4a4a4a portalname,1
4websites de,1
5 000,1
5 005,1
5 png,1
5 zuschreibung,1
50 5,1
500 000,1
51 4,1
51 6,1
51 9,1
52 6,1
52 8,1
52 9,1
53 4,1
53918 wikinews,1
92 jahren,1
94 d8,1
960 portalname,1
ae ersetzt,1
aehnlich readers,1
aehnlichen zustand,1
aehnliches existieren,1
aelteren versionen,1
aelterer artikel,1
aenderungen 1,1
aenderungen wikibooks,1
aenderungen wikipedia,1
aenderungen wikisource,1
aenderungen wikiversity,1
aenderungen wiktionary,1
aeste hauptkategorie,1
afrika titel,1
afrikanisches militaerwesen,1
ag deutsche,1
ago aeltere,1
ago ifeq,1
akkreditierung wikinewsakkreditierten,1
akl analoges,1
akl bombenanschlagsserie,1
akl cambl,1
akl diskussion,1
akl interessantes,1
akl recherchetipps,1
akl tonline,1
aktenzeichen bundesverfassungsgerichts,1
aktenzeichen verwendete,1
aktienkurs w,1
aktive formulierungen,1
ae kategorie,1
administratoren gelöscht,1
999999 portalname,1
addfirstcategorydate true,1
a entwicklung,1
a replacement,1
a wiki,1
a7 d8,1
aa enthaelt,1
aaa portalname,1
ab nachdem,1
ab sofort,1
ab wikinews,1
abbildungen obenstehende,1
abgaben gestalten,1
abgeordneten plenardebatte,1
abgeschaltet update,1
abhaengiges gebiet,1
abkuerzung fuer,1
abkuerzungsregeln gelten,1
ablaeufe qualitaetsverbesserung,1
ableger nachahmen,1
ableger wikinews,1
ableger wikipedia,1
abschreiben eigenstaendig,1
absicht tun,1
abzudecken treue,1
achtung meldung,1
action purge,1
action submit,1
action unblock,1
ad d9,1
ada decken,1
400 menschenleben,1
40 8,1
2004 en,1
22 37,1
21 29,1
21 33,1
21 35,1
21 39,1
21 41,1
21 56,1
21 august,1
2106323 moment,1
21px artikel,1
21px mitmachen,1
21px zitat,1
22 11,1
22 14,1
22 32,1
22 4,1
4 gab,1
22 46,1
22 55,1
22 56,1
22 7,1
22 artikeln,1
23 10,1
23 12,1
23 14,1
23 18,1
23 22,1
23 23,1
23 34,1
23 49,1
23 5,1
21 24,1
21 12,1
21 02,1
20jaehrige peruanerin,1
2004 erster,1
2004 frankfurt,1
2004 genannte,1
2004 oberste,1
2004 stimmen,1
2004 stunden,1
2004 verbot,1
2004 w,1
2004 wikipedia,1
2004 wikipediaprojekt,1
20041205 erdbeben,1
2005 22,1
2005 27,1
2005 angegebenen,1
2005 gelöscht,1
2005 hauptseite,1
2005 meinungsbild,1
2005 wikinews,1
2005 wurde,1
2006 benutzersprachen,1
2006 blick,1
2006 wurde,1
2008 cest,1
2008 cet,1
2009 cest,1
2009 jahr,1
2010 dezember2010,1
2011 31,1
2012 cet,1
23 51,1
23 52,1
23 53,1
30 09,1
30 dez,1
30 juli,1
30 kategorie,1
30 mai,1
30 september,1
300px durchschnittliche,1
300px vergleich,1
31 01,1
31 5,1
31 januar,1
32 30,1
32 5,1
323 angemeldete,1
33 4,1
33 5,1
336 portalname,1
34 12,1
346 usdollar,1
35 27,1
35 5,1
35 7,1
35 uhr,1
36 5,1
366 portalname,1
3672 2345866,1
37 20,1
374 menschen,1
38 4,1
4 b,1
30 10,1
3 januar,1
23 57,1
3 eigene,1
23 april,1
2300 stellen,1
2345866 00,1
24 10,1
24 14,1
24 2,1
24 3,1
24 juni,1
24 localhour,1
25 11,1
25 2010,1
25 dezember,1
25 januar,1
25 wikinews,1
26 01,1
26 10,1
26 8,1
26 dezember,1
27 29,1
27 artikel,1
27 artikeln,1
28 10,1
28 dezember,1
286 bundesregierung,1
29 4,1
29 jan,1
3 2,1
3 374,1
3 cellspacing,1
class prettytable,1
comment wikinews,1
kategorie parlamentsbeteiligungsgesetz,1
global titel,1
gibt ja,1
gibt w,1
gift falsche,1
giftgasungluecks bhopal,1
gigantischen enzyklopaedie,1
gilt einsatz,1
gilt gleichermassen,1
gilt lizenz,1
gilt unabhaengig,1
glaubens getötet,1
glaubwuerdigkeit nachrichtenplattform,1
gleich ganz,1
gleichermassen fuer,1
global freien,1
global voices,1
gruppe aufgetreten,1
globalisierungskritische statements,1
glubschaugen schere,1
glueckwunsch nachtraeglich,1
golem de,1
google yahoo,1
googlenews scheint,1
graswurzeljournalismus fördern,1
graz giants,1
grenzenlosem einfluss«,1
grosse kleine,1
grossem jubel,1
grossen glubschaugen,1
grund artikel,1
grundsaetzlich vorherige,1
gibt immer,1
gibt de,1
gibt bereits,1
gibt ausfuehrliche,1
gerichtlich ausser,1
gerichtshof ukraine,1
gerichtsurteile entsprechend,1
geringere bezahlung,1
gerne pressemitteilungen,1
gerti schön,1
gesammelt beispiel,1
gesamt inklusive,1
geschehen besonderer,1
geschehen löschen,1
geschuetzter werke,1
gesetz parlament,1
gesetzliche regelung,1
gesicherten informationen,1
gestalten internetseiten,1
gestellt neuer,1
gestellt portal,1
gestorben gelöscht,1
gesundheit bereinigung,1
gesundheit gelöscht,1
getaeuscht worden,1
getötet wurden,1
gewaehrsmann benutzer,1
gewaehrsmann gelöscht,1
gewinnen efafcup,1
gewinnen nachricht,1
gewinnt praesidentschaftswahl,1
giants gewinnen,1
gib quellen,1
gruppe andy,1
gruppe namens,1
hilfe gelöscht,1
heute chinesischer,1
he מיוחד,1
he עמוד,1
headline alter,1
heilige barbara,1
heise newsticker,1
heise zeitschriften,1
heisst konzept,1
heisst laut,1
heisst …,1
hell kurzartikel,1
help textgestaltung,1
herausforderungen wikipedia,1
herauslöst wurde,1
herzlichen glueckwunsch,1
heute chronischen,1
grösste ausgabe,1
heute de,1
heute existiert,1
heute mal,1
heute numberofarticles,1
heute summiert,1
heute vorerst,1
heute wurden,1
hh auptseite,1
hierher kopiert,1
hiermit beitrag,1
hilfe artikelstatus,1
hilfe beispielartikel,1
hilfe erste,1
hilfe formate,1
haushaltsreform nirwanischen,1
haus verlassen,1
hauptseite zitat,1
hauptseite wikinews,1
gudanggaram gewinnt,1
gut gab,1
guten journalismus,1
guter titel,1
hackers tron,1
haertet biofilme,1
haetten ganz,1
hafen gelöscht,1
halbgeviertstrich halbgeviertstrich,1
halbgeviertstrich –,1
hamburger hafen,1
hand enthalten,1
hand fallen,1
hand haenden,1
handbuch lizenzbestimmungen,1
handbuch presse,1
hannoversche allgemeine,1
harsche kritik,1
hauptakteur benutzer,1
hauptkategorie index,1
hauptsaechlich nutzer,1
hauptseite action,1
hauptseite aktuell,1
hauptseite artikel,1
hauptseite gelöscht,1
hauptseite ifeq,1
hauptseite localyear,1
hauptseite mitmachen,1
hauptseite schwesterprojekte,1
gericht erklaert,1
geraeten somit,1
geraete dafuer,1
gebiet erschaffen,1
gab interviewpartner,1
gab mitglied,1
gab update,1
gab zeit,1
galler tagblatt,1
ganz löschen,1
ganz möglichkeiten,1
ganzer satz,1
garcia gelöscht,1
gartenzaun nachbarn,1
gas ausgesetzt,1
gas telekommunikation,1
gates renommiertester,1
geben neuen,1
gebietet staaten,1
gerade mal,1
gebilde laender,1
gebot neutralen,1
gebot neutralitaet,1
geert lovink,1
gefaengniskrankenhaus w,1
gefahr verzug,1
gefasst wurden,1
gefurzt gelöscht,1
gegangen wegen,1
gegeben naehere,1
gegebenenfalls w,1
gegenseitigen anerkennung,1
gegenueber angestellten,1
gegenueber britischen,1
fördern …,1
fussballergebnisse löschen,1
funktionierenden global,1
functions this,1
fuer deaktivierte,1
fuer einsatz,1
fuer einstweilige,1
fuer elektrizitaet,1
fuer indymedia,1
fuer interessant,1
fuer israelische,1
fuer jedermann,1
fuer kategorien,1
fuer kritische,1
fuer m,1
fuer manuellautomatische,1
fuer nachrichtenartikel,1
fuer neue,1
fuer quellenangabe,1
fuer quellenangaben,1
fuer sperrung,1
fuer suche,1
fuer telekommunikation,1
fuer texte,1
fuer titel,1
fuer umfassende,1
fuer verschiebung,1
fuer verschiedenen,1
fuer wichtig,1
fuer wikinews,1
fuer wikinewsakkreditierten,1
fullurl vorlage,1
function name,1
gehalten namensregelung,1
gehalten sollten,1
geheim gehalten,1
gelöscht seite,1
gelöscht test,1
gelöscht typo,1
gelöscht ugly,1
gelöscht umgezogen,1
gelöscht unsinn,1
gelöscht verwaiste,1
gelöscht vorschlaege,1
gelöscht wech,1
gelöscht wegen,1
gelöscht wohl,1
gelöscht wozu,1
gelöscht wurde,1
gemacht gelöscht,1
gemaess klausel,1
gemaess punkt,1
gemeinfrei laendern,1
gemeinfreiheit gemeinfrei,1
gemeinfreiheit möglich,1
gemeinsam erledigen,1
gemeinschaftlich nachrichten,1
genannt wurde,1
genannte parlamentsbeteiligungsgesetz,1
genannte vereinfachte,1
genannten kategorien,1
genau behandeln,1
genau guten,1
geographische namen,1
gerade erst,1
gerade gefurzt,1
gelöscht spiegel,1
gelöscht schon,1
gehen richtige,1
gelöscht schnelllöschantrag,1
geht quelle,1
geht sonne,1
geht start,1
gehörende textportal,1
geklaert laender,1
geklaert staat,1
gelten artikeltexte,1
gelten folgende,1
gelten fuer,1
gelöscht 1,1
gelöscht ausland,1
gelöscht autor,1
gelöscht belege,1
gelöscht doppler,1
gelöscht dupe,1
gelöscht entengefasel,1
gelöscht ententeich,1
gelöscht experimente,1
gelöscht frage,1
gelöscht gelöscht,1
gelöscht inland,1
gelöscht kategorien,1
gelöscht macht,1
gelöscht metaseite,1
gelöscht pressestammtisch,1
gelöscht probiern,1
gelöscht quellen,1
gelöscht quellenlos,1
gelöscht rumgetickere,1
hilfe fragen,1
hilfe index,1
commons eingebunden,1
jahren gefaengniskrankenhaus,1
italien gelöscht,1
ja fuer,1
ja schon,1
ja urteile,1
ja wohl,1
ja メインページ,1
ja 特別,1
jahr viele,1
jahr wazgruppe,1
jahr wikinews,1
jahre alt,1
jahre wikipedia,1
jahren dahin,1
jahren erinnern,1
jahresbericht apple,1
journalismus jedermann,1
jahrestag giftgasungluecks,1
jan 2008,1
januar 2011,1
janukowitsch momentanen,1
jedermann berichten,1
jedermann eingeraeumt,1
jedermann mitarbeiten,1
jedoch artikel,1
jedoch drei,1
jedoch verloren,1
jedoch zuerst,1
jegliche bedingungen,1
jemand mist,1
jeweiligen bildbeschreibungsseite,1
it speciale,1
it s,1
it pagina,1
israelische wissenschaftlter,1
integrieren gesicherten,1
interessantes experiment,1
interessen wikipedia,1
interessierte inverssuche,1
interne ablaeufe,1
internet denen,1
internetseiten erst,1
internetzeitungen netzeitung,1
internetzensur webseite,1
interview benutzer,1
interview finisterra,1
interviewpartner jude,1
inverssuche rueckwaertssuche,1
inverssuche rufnummer,1
inzwischen –,1
ip wurde,1
ipadresse benutzerkonto,1
ipadresse blockieren,1
ipblocklist action,1
irgendein thema,1
irgendwann 20,1
irgendwie wenig,1
isdiff document,1
iskussion hh,1
ismainpage ismainpagefront,1
ismainpage title,1
ismainpagefront document,1
ismainpagefront isdiff,1
ismo gelöscht,1
jeweils zutreffende,1
journalismus liefern,1
hilfe kontakt,1
kategorie ethik,1
kategorie aussenpolitik,1
kategorie auswaertiges,1
kategorie baurecht‬,1
kategorie bbc,1
kategorie benutzer,1
kategorie bhopal,1
kategorie bildungssystem,1
kategorie bundesnetzagentur,1
kategorie bundesverfassungsgerichtsurteil,1
kategorie bundeswehr,1
kategorie börse,1
kategorie channel,1
kategorie deutscher,1
kategorie diskussion,1
kategorie geldpolitik,1
journalisten leidenschaft,1
kategorie gewaehrsmann,1
kategorie ibm,1
kategorie inhalt,1
kategorie josef,1
kategorie jugendkriminalitaet,1
kategorie kommunikation,1
kategorie krieg,1
kategorie landtagswahl‬,1
kategorie linux,1
kategorie medizin,1
kategorie nationalsozialismus,1
kategorie negative,1
kategorie normenkontrollverfahren,1
kategorie obsolet,1
kategorie aufzulösen,1
kategorie architektur,1
kategorie arbeit,1
kategorie altersschwaeche,1
journalistenverbandes etwa,1
jpg hochgeladen,1
jpg mathiasschindler,1
jubel freudenfeuerwerk,1
jude finisterra,1
juedischen glaubens,1
juengstes projekt,1
jugendkriminalitaet passen,1
juli 1994,1
julia mantilla,1
juni 2005,1
juni 2006,1
juschtschenko partei,1
juschtschenko viktor,1
juschtschenkos nahmen,1
kannibalisiert umfasst,1
kannst gerne,1
kannst ipadresse,1
karlsruher stadtwiki,1
kasseler karlsruher,1
kasselwiki macht’s,1
kassiert einstweilige,1
katastrophe w,1
kategorie 04,1
kategorie 05,1
kategorie 06,1
kategorie 15,1
kategorie 30,1
kategorie abhaengiges,1
inspiriert wurde,1
insbesondere kategorisierung,1
insbesondere juni,1
hu speciális,1
hirn himmel,1
hitmeister news,1
hlavní strana,1
hna online,1
hobbyschreiber darunter,1
hochgeladen mathias,1
hochgeladen wikinews,1
hoffendlich richtige,1
holtzbrinckverlag nachrichtenportal,1
html flutkatastrophe,1
html sprengstoff,1
html wikinews,1
html wikiversum,1
hu kezdőlap,1
huffington post,1
insbesondere alten,1
hundert artikel,1
hut bekommt,1
i 0,1
i aonloadfunctions,1
i ii,1
i s,1
ibm erl,1
icio us,1
icon svg,1
id 1881152,1
id 1900828,1
id 2106323,1
id 83126,1
idee nachrichtenportal,1
hinzufuegen hilfe,1
hinweis unternehmen,1
hinweis seite,1
hinweis automatisierte,1
hilfe nachrichtentitel,1
hilfe neue,1
hilfe veröffentlichung,1
hilfe zweite,1
hilfeseite entstehen,1
hilfeseiten angelegt,1
hilfeseiten befinden,1
hilfeseiten benötigt,1
himmel gelöscht,1
hintergrundberichte erst,1
hintergrundfarbe 003492,1
hintergrundfarbe 006,1
hintergrundfarbe 01a6f3,1
hintergrundfarbe 060,1
hintergrundfarbe 15dc2c,1
hintergrundfarbe 336,1
hintergrundfarbe 366,1
hintergrundfarbe 4a4a4a,1
hintergrundfarbe 5b92e5,1
hintergrundfarbe 770,1
hintergrundfarbe 873f0e,1
hintergrundfarbe 900,1
hintergrundfarbe 903,1
hintergrundfarbe 960,1
hintergrundfarbe 999999,1
hintergrundfarbe aaa,1
hintergrundfarbe d21e95,1
hintergrundfarbe d90,1
hintergrundfarbe ffcc00,1
ideen fuegt,1
identifiziert gegenueber,1
if document,1
inhalt dgdg,1
inhalt falsch,1
inhalt falschdie,1
inhalt freitag,1
inhalt herzlichen,1
inhalt hhkjhkhlkjh,1
inhalt inverssuche,1
inhalt kategorie,1
inhalt leeren,1
inhalt mehr,1
inhalt meldung,1
inhalt momentan,1
inhalt neeeeein,1
inhalt samstag,1
inhalt tatsaechlich,1
inhalt test,1
inhalt toc,1
inhalt vorbereitung,1
inhalt vorschlagen,1
inhalt wikinews,1
inhalt †,1
inhalte kommerziell,1
inhalte vervielfaeltigen,1
inhalten gefuellt,1
initiiert autor,1
inklusive weiterleitungen,1
inland bitte,1
0 cellpadding,1
innerhalb sieben,1
innland gelöscht,1
inhalt faellt,1
inhalt cambls,1
if ismainpage,1
inhalt bochum,1
ii vereinbarung,1
image lotto,1
image pagename,1
immer aktuellen,1
immer auseinandersetzungen,1
immer erfolgreicher,1
immer möglich,1
inc einzelheiten,1
index index,1
indexof diff,1
indexof oldid,1
indiziert artikel,1
indymedia deutschland,1
indymedia wikinews,1
indymedia wurde,1
indymedia zensur,1
informantenschutz gelöscht,1
information trost,1
informationen finden,1
informationen findest,1
informationen projektinterne,1
informationen wikipedia,1
informationsquellen internet,1
informationswert wertungen,1
informiert innerhalb,1
inhalt 10,1
inhalt a,1
inhalt artikel,1
inhalt bitte,1
fuer china,1
fuer blockade,1
fuer bild,1
diskussion thunderbird,1
direkten wettbewerb,1
direkter erfahrung,1
diskussion 22,1
diskussion administratoren,1
diskussion analoges,1
diskussion china,1
diskussion chrgermany,1
diskussion euro,1
diskussion militaerwesen,1
diskussion nachrichten,1
diskussion pressestammtisch,1
diskussion regionalwetter,1
diskussion spielwiese,1
diskussion telefone,1
diskussion tutoren,1
drei fuenf,1
diskussion verkauf,1
diskussion vorabversion,1
diskussionsseite mitverschieben,1
diskutieren alter,1
diskutieren debatte,1
diskutiert wikipedia,1
dnews de,1
doppelt 20jaehrige,1
doppelt vorhanden,1
doppelten artikel,1
doppelten staatsbuergerschaft,1
doppler hoffendlich,1
dortigen commons,1
dpl mal,1
direkt w,1
diplomatischen kontakt,1
dioxinskandal 1,1
dion dion,1
deutschen wikipedia,1
deutscher bundestag,1
deutscher sprache,1
deutschland betaversion,1
deutschland diplomatischen,1
deutschland drei,1
deutschland konkurrenz,1
deutschland kostenloses,1
deutschland krieg,1
deutschland oesterreich,1
deutschland sagen,1
deutschland tageshoch,1
deutschlands neue,1
deutschsprachige ausgabe,1
deutschsprachige wikimediapresseteam,1
deutschsprachige wikinews,1
deutschsprachigen nachrichten,1
deutschsprachigen portals,1
deutschsprachigen wikinews,1
dez 2005,1
dez 2012,1
dezember anhaenger,1
dient kennzeichnung,1
diff 1,1
digg com,1
dimension mfg,1
dinge auflistung,1
dinge fuer,1
dion 15,1
dplisten generieren,1
drei seiten,1
fuer bhopalopfer,1
einsaetze gefahr,1
eigene callbycallvorwahl,1
eigenen beitrag,1
eigener namensraum,1
eigenes wikinews,1
eigenstaendig formulieren,1
eigentlich gruss,1
einfach abschreiben,1
einfach gemacht,1
einfuehrung kategorie,1
eingebauter telekomvorwahl,1
eingebundene vorlagen,1
eingeraeumt nutzungsrecht,1
einlaedt berichte,1
einordnung entsprechender,1
einsaetzen zustimmen,1
drei zeilen,1
einsatz bundeswehr,1
einsatz genehmigt,1
einsatzentscheidungen ueber,1
einsortierung alter,1
einstiegshilfeseite thema,1
eintraege hauptseite,1
eintraege wirklich,1
eintrag schade,1
eintragen erledigte,1
einzelheiten nutzungsbedingungen,1
einzuholen seitdem,1
einzustufen umzugehen,1
eisenbahnen regulierungsbehörde,1
electronic arts,1
eigene beitraege,1
eidsvoll 1814s,1
eher schattendasein,1
ehemalige w,1
dresden gelöscht,1
dslteam de,1
dsluser de,1
duerften ueber,1
dulden rettungsmissionen,1
dupe existiert,1
durchgehen gebot,1
durchschnitt 5,1
durchschnittliche artikel,1
e197429c5610645cab70619d096d35bc5 atpl,1
ebenfalls wikimedia,1
echtes gift,1
ecommon scontent,1
edit 0,1
edit artikel,1
edit the,1
edition communitynetzzeitungsseite,1
edition direkten,1
edition ohmynews,1
edition sic,1
edition ueberfluegelt,1
edition –,1
edition” graswurzeljournalismus,1
editorial unterzeichnt,1
editorsweblog a,1
editwars tatsaechlichen,1
editwars wikipedia,1
efafcup –,1
ehemalige ssoberscharfuehrer,1
deutschen telekom,1
deutschen journalistenverbandes,1
deutschen bundestages,1
darauf bbc,1
d90 portalname,1
dab jupitermond,1
dab telefone,1
dab verkauf,1
dabei artikel,1
dabei geklaert,1
dabei versionen,1
dabei wurde,1
dadurch kannibalisiert,1
dafuer einordnung,1
dafuer verbilligt,1
dahin deutschsprachige,1
danach folgt,1
daniel beyer,1
darf ab,1
deutsche newssite,1
darf ganzer,1
darf soldaten,1
darstellung portalen,1
darueber derzeit,1
darunter burdaverlag,1
darunter stehenden,1
datei wikinewscanadalogo,1
dateien deutschsprachige,1
dateien ermöglichen,1
dateien videos,1
dateien wiki,1
dateien –,1
datenbank löschen,1
datiert 19,1
d9 94,1
d9 87,1
d9 84,1
d9 81,1
commons image,1
commons logo,1
commons special,1
commons wikimedia,1
commons ·,1
commons –,1
commonslogo svg,1
community diskutiert,1
community inzwischen,1
communitynetzzeitungsseite netzeitung,1
communitys spriessen,1
computer dezember,1
computer gelöscht,1
computer titel,1
computerhersteller apple,1
computerwelt at,1
conny 22,1
conny conny,1
content content,1
content view,1
count 5,1
cs speciální,1
cs wikizprávy,1
current tv,1
currenthour mod,1
d p,1
d21e95 portalname,1
d8 a7,1
d8 ad,1
datum 02,1
datum 05,1
datum 07,1
de schicken,1
de spinoffprojekt,1
de ueber,1
de wikibooks,1
de wikipedia,1
de wikiqoute,1
de wikisource,1
de zdfheute,1
deaktivierte umleitung,1
debatte stellen,1
decken interview,1
delete löschlogbuch,1
demnaechst start,1
denen deutschland,1
denen erklaerung,1
denen gemeinschaftlich,1
denen jedermann,1
denen mindestens,1
denen vorher,1
deren urheberrechte,1
derwesten de,1
derzeit abgeschaltet,1
derzeit foren,1
derzeit ueber,1
deutlich langsamer,1
deutsche 636,1
deutsche bank,1
deutsche bibliothek,1
deutsche bundestag,1
deutsche militaerbeobachter,1
de sinken,1
de scheiterten,1
datum 12,1
de readers,1
datum 15,1
datum 17,1
datum 18,1
datum 26,1
datum 28,1
datum bekannt,1
datum datum,1
datum möglich,1
datum uhrzeit,1
datum w,1
davon bislang,1
db 8c,1
dd iskussion,1
de 2009,1
de bezahlte,1
de bug,1
de derzeit,1
de dnews,1
de gerichtlich,1
de gestartet,1
de haetten,1
de kassiert,1
de linktipp,1
de macht,1
de nutzen,1
de offline,1
de online,1
de pressde,1
de presse,1
elektrizitaet gas,1
elian 19,1
elian 4,1
file wikinews,1
farbtabelle gelöscht,1
februar 2006,1
fehlanlegung benutzer,1
feiern silvester,1
feiern taeglich,1
fertig datum,1
fertig gestellt,1
fest voreingestellt,1
festgelegt fuer,1
festtelekomvorwahltelefon vorerst,1
ffcc00 portalname,1
fi etusivu,1
fi toiminnot,1
fiel schwindler,1
financial times,1
especial canvis,1
finde projektintere,1
finden autor,1
finden erklaerung,1
finden hilfe,1
finden schon,1
finden spezial,1
findest hilfe,1
findet entsprechenden,1
finisterra 20,1
finisterra ausgab,1
firma verantwortung,1
firmen globalisierungskritische,1
firmensprecher gab,1
flickr slashdot,1
falschmeldung yes,1
falschmeldung bhopal,1
falsche firmensprecher,1
falschdie ip,1
especial recentchanges,1
eta spanien,1
etc momentan,1
ethik bereinigung,1
etwa extern,1
europa 5,1
europa titel,1
europaeisches militaerwesen,1
eventuell entstandene,1
existieren muesste,1
existierenden wikinews,1
existiert dafuer,1
existiert eigener,1
exklusiv datei,1
experiment bisher,1
experimentiert buergerjournalismus,1
expr 24,1
extern wikinews,1
extern zitiert,1
f timel,1
fa d8,1
faellen denen,1
faellt mitgeteilt,1
faende besten,1
fairen berichterstattung,1
fakten reduziert,1
falle verbreitung,1
fallen aufgelistet,1
falls dpl,1
flutkatastrophe blogs,1
folgende bedingungen,1
folgende erlaeuterungen,1
französische 555,1
freie nachrichten,1
freie nachrichtenquelle,1
freie onlinelexikon,1
freie software,1
freien buergerjournalismus,1
freien nachrichtenportal,1
freien nachrichtenportals,1
freien nachrichtenquelle,1
freiheitsstrafe ab,1
freitag 3,1
freitag zehntausendsten,1
freiwilligen arbeiten,1
fremden rechte,1
fremdsprachige titel,1
freudenfeuerwerk mitarbeiter,1
friss változtatások,1
fristen eher,1
fruehere versionen,1
ftd de,1
fuege anfang,1
fuegt bitte,1
fuenf meldungen,1
fuenf prozent,1
fuenftel 500,1
fuer aeltere,1
fuer arten,1
fuer artikel,1
fuer auswaertiges,1
fuer bare,1
frei zugaenglichen,1
frankfurter rundschau,1
folgende hilfeseiten,1
frankfurter neue,1
folgenden bedingungen,1
folgt deutsche,1
for traditional,1
for var,1
fordert mindestens,1
forderung unterlegenen,1
foren spekuliert,1
form veröffentlichen,1
form zusammenfassung,1
form …,1
formate hilfe,1
formate titel,1
formaten entsprechen,1
formular artikel,1
formular ipadresse,1
formulierungen wann,1
forum bieten,1
fotos abbildungen,1
foundation wikipedia,1
founder erik,1
fr accueil,1
fr special,1
fragen beantwortet,1
fragen ·,1
fraktion fuenf,1
fraktionen beiden,1
fraktionsvorsitzenden vorsitzenden,1
frank patalong,1
frankfurt main,1
especial mudanças,1
eskaliert wer,1
elian alte,1
end import,1
elian wirtschaft,1
eloquence erik,1
eltern 1999,1
eltern verstorbenen,1
empfehlenswert nachrichtentitel,1
empfehlungen enhalten,1
empfehlungen quellenverzeichnis,1
empfehlungen verwenden,1
en main,1
en special,1
en wikinews,1
en wikinewsautoren,1
end enable,1
end hauptseitentitel,1
enhalten quelle,1
erweitert verbessert,1
enstehen sollen,1
entenplatz gelöscht,1
ententeich mergen,1
enthaelt namen,1
enthaelt regeln,1
enthalten darf,1
enthalten momentan,1
enthalten november,1
entpuppen darauf,1
entschaedigungen angekuendigt,1
entschaedigungszahlungen fuer,1
entsprechen geaendert,1
entsprechend 25,1
entsprechend anpassen,1
elian wikinewsler,1
elian weitere,1
elian vorlage,1
elian ubahnfahrstuhldiebstahl,1
elian alternativer,1
elian ausland,1
elian bombe,1
elian computer,1
elian deutschlands,1
elian diskussion,1
elian electronic,1
elian euro,1
elian gerade,1
elian gesundheit,1
elian heiseverlag,1
elian indymedia,1
elian inland,1
elian innland,1
elian kultur,1
elian maria,1
elian molekulares,1
elian nachrichten,1
elian nacht,1
elian news,1
elian nikolaus,1
elian onlinewörterbuch,1
elian polen,1
elian prometheus,1
elian referendum,1
elian soziales,1
elian spiegel,1
elian test,1
elian tonline,1
entsprechenden wikinews,1
entsprechender artikel,1
entstandene mehrfachweiterleitungen,1
erklaerung fuer,1
erl franz,1
erlaesst einstweilige,1
erlaeuterungen unverbindlich,1
erlaubt darunter,1
erlaubt gemaess,1
erledigen möchten,1
erledigte punkte,1
ernannt gelöscht,1
ernst nehmen,1
erobert medien,1
erreicht euro,1
ersatzweise unbeschraenktes,1
erschaffen neue,1
erscheinen artikel,1
erschiene artikel,1
erst 10,1
erst community,1
erst existiert,1
erst langen,1
erst paar,1
erst zweiten,1
erste artikel,1
erste wikinews,1
erstellt aktualisiert,1
erstellt langfristig,1
erstellung offener,1
erster artikel,1
erstes portal,1
erwartet beispiel,1
erklaerung gemeinfreiheit,1
erklaerung ab,1
entstehen aktuell,1
erklaerte sender,1
entstehen entstehen,1
entstehen ·,1
entsteht nachricht,1
entwickelt eigenes,1
entwickelt seit,1
entwicklung lizenzbausteinen,1
entzieht ringmaterial,1
enzyklopaedie wikipedia,1
erachtet werbetexte,1
erdbeben raum,1
erdbeben schweiz,1
erde immer,1
ereignisse jedoch,1
erfahrung form,1
erfolg wikipedia,1
erfolgen vandalismus,1
erfolgreicher –,1
erfuellt forderung,1
ergaenzung wikimedia,1
ergebnissen gelöscht,1
erik moeller,1
erik möller,1
erinnern offiziellen,1
erkennen links,1
erklaert deutschland,1
erklaert eigenen,1
erklaert neue,1
erklaert praesidentschaftswahlen,1
erklaert wahl,1
特別 recentchanges,1
